12345671010121	11209088	0
12345671012101	9772707	0
12345671210101	12693554	0
12345672020212	10854627	0
12345672021202	11603168	0
12345672120202	14179900	0
12345760000000	14619486	0
12346570000120	14679150	0
12346750002022	11626792	0
12347560001101	9816672	0
12347650000000	21908538	0
12347650011001	11660176	0
12347650022200	9269307	0
12347651000110	7660349	0
12347651012122	11349862	0
12347651012221	9575565	0
12347651112121	10073203	0
12347652000022	11169741	0
12347652021112	6590941	0
12347652021211	10295905	0
12347652221212	10438435	0
12354670000000	17920443	0
12354760001212	17924245	0
12354761010001	9671161	0
12354761010100	11189388	0
12354761200012	11755714	0
12354762020020	7549908	0
12354762022000	9083360	0
12354762100012	11915735	0
12356470002022	9306345	0
12356740022020	11488975	0
12356740202020	12902948	0
12356742002020	10287053	0
12357460000111	14689732	0
12357460002220	12888786	0
12357461100001	9720106	0
12357640002220	9438582	0
12364570001101	10586482	0
12364750001101	9934451	0
12364750002022	11725398	0
12364752200020	7522935	0
12365470000000	13832864	0
12365470100011	11388265	0
12365470202002	9144262	0
12365471112121	9680701	0
12365471210122	8898095	0
12365472121201	7555407	0
12365472221212	9528966	0
12365740002220	12879478	0
12367450012222	13444095	0
12367450021111	13779917	0
12367450102222	13993341	0
12367450201111	18419958	0
12367451002222	13861194	0
12367452001111	11316843	0
12367540001101	11782460	0
12367540002220	16414722	0
12367540220020	10282282	0
12374560010101	11532061	0
12374560100101	12336322	0
12374561000101	11140427	0
12374650000111	13266197	0
12375460000111	13400277	0
12375640002001	16741240	0
12376450000111	12192601	0
12376450002022	10333364	0
12376450110100	8737501	0
12376540001212	13063274	0
12376540121122	19174121	0
12376540211122	12410777	0
12376541010121	6812102	0
12376541012101	9770670	0
12376542022021	7983485	0
12376542022120	8239997	0
12456730021210	24095502	0
12456730122112	10504576	0
12456732112210	11461047	0
12463750120120	12492505	0
12467350020010	16210147	0
12467350120210	8465627	0
12473560021012	21659187	0
12536740001212	22234416	0
12537460221001	12256303	0
12543670000000	32307248	0
12543670100101	7318979	0
12543670220002	7175793	0
12543671010010	10459335	0
12543671210221	9826298	0
12543671211121	7800015	0
12543671220121	10221127	0
12543672000220	10118909	0
12543672110212	10859152	0
12543672120112	9254921	0
12543672122212	10370704	0
12546370110220	15058870	0
12563471020102	10982533	0
12563472020101	10659439	0
12564732212011	8259596	0
12567432121222	8577029	0
12576342101110	9009300	0
12637450021000	14040600	0
12637450221001	11821728	0
12643570210210	12920235	0
12645370020010	14534586	0
12673541220022	10829284	0
12734560001212	11755339	0
12734560211122	8765082	0
12734561202112	8538952	0
12745630000000	29938142	0
12745631000011	9431862	0
12745631101102	9277366	0
12745631111110	10385212	0
12745631121100	8950980	0
12745632020020	9122001	0
12745632202201	7933960	0
12745632202222	8593191	0
12745632212200	9134706	0
12753461120212	9605241	0
12763451211121	9421084	0
12765431010202	12957695	0
12765431111101	13165698	0
12765432010102	16285231	0
12765432220222	10050869	0
13245670210000	31235581	0
13246570000000	24985515	0
13246570001122	9725429	0
13246570002121	13877432	0
13246571210221	9797956	0
13246571220121	10009150	0
13246572110122	9050513	0
13246572210112	10329410	0
13246751022100	10186056	0
13247562101020	8546397	0
13254760211122	16326922	0
13254760212211	11844589	0
13254761210122	12225436	0
13254762212011	11151205	0
13257640001122	10337726	0
13265740001212	25753622	0
13265741020201	11050943	0
13267450011100	13201073	0
13267450200022	9390978	0
13267540000021	18633074	0
13267540121101	8116153	0
13274650001212	22671101	0
13275460001122	22054925	0
13275462102100	10779205	0
13275640001122	13501842	0
13275640001212	14405833	0
13275641020222	9517039	0
13275642101110	9504935	0
13276450002100	13093460	0
13276450122022	9675767	0
13276540022011	12672422	0
13276540102201	18790390	0
13276540210012	17390577	0
13276540211200	16159074	0
13276540212001	10698862	0
13276540212211	12115047	0
13276541212201	9653417	0
13276542212011	10617063	0
13462570000000	10052855	0
13462571102200	12744221	0
13527460100002	14515856	0
13542670120120	11604859	0
13546270102102	9247088	0
13546270120120	16282243	0
13546270210210	14355264	0
13572640011022	15428521	0
13576240201102	14307539	0
13576240210210	7138171	0
13627450221001	11915210	0
13642570110112	8942470	0
13642570112110	10036240	0
13642572110110	10557518	0
13645270110220	13345167	0
13647520000000	12990223	0
13675240001212	12914898	0
13675241220202	8770260	0
13725641221021	8192184	0
13754261012212	21050328	0
13762450210210	8397420	0
13764250100200	10705623	0
13764251212120	8427078	0
13765421010100	11732947	0
14263750020010	10884824	0
14267350210210	8939793	0
14275632212011	8649741	0
14325670000000	45975038	0
14325671001010	10983969	0
14325671120212	7974494	0
14325671212111	8891857	0
14325672012121	7936764	0
14325672121222	9874297	0
14325672200020	11393402	0
14327651020102	12212956	0
14327652010102	13044515	0
14352671101000	8162612	0
14356720001212	14248536	0
14356720211122	13951866	0
14367251211121	8982328	0
14367522200002	13286760	0
14523671010202	10871134	0
14523672010201	11712937	0
14527630010200	10554107	0
14527630020100	16410620	0
14527630022200	9113858	0
14527630100020	13272296	0
14527630200010	13418815	0
14527631011102	14002244	0
14527631101000	8652289	0
14527631222221	9369660	0
14527632021211	10118712	0
14527632201022	7289405	0
14536272200200	8869306	0
14537621120212	7938855	0
14563271212111	8790962	0
14567230201102	13163556	0
14567230210012	20208422	0
14573260222000	10953553	0
14625730000000	11773996	0
14625730020010	11246789	0
14625730211122	13167247	0
14625731001010	12279942	0
14625731002210	14347837	0
14625731102212	7110649	0
14625731122000	7473680	0
14625732022000	8643763	0
14632570000000	19047377	0
14632570210021	12811308	0
14652732210220	7688182	0
14673250000000	13837419	0
14723650000102	18041090	0
14723650000201	22874565	0
14723650001020	11925931	0
14723650002010	14064397	0
14723650100101	7622381	0
14723651211010	7500822	0
14723651220121	8287534	0
14723652121111	7043715	0
14723652202000	7817752	0
14723652210202	10563912	0
14725360000000	15527134	0
14725360000012	14775973	0
14725360211221	16144139	0
14725361100010	8855273	0
14725362100102	9059453	0
14725362102010	8585456	0
14725362112102	13242084	0
14725362200002	9218813	0
14726530112011	14864558	0
14726530121011	9766878	0
14726530122202	9375475	0
14726530222201	12220545	0
14726531121202	8546533	0
14726532212011	9198650	0
14735620110001	11345088	0
14735620112002	11135642	0
14735620112221	17596791	0
14735620122001	11211858	0
14735620212001	13177504	0
14735620221001	13453468	0
14735620222000	13359431	0
14735620222111	9829896	0
14736250000021	15212838	0
14736250001221	14211429	0
14736252111112	10836345	0
14736520021111	8846954	0
14736520022020	7565837	0
14736520100101	8226921	0
14736520102222	8235022	0
14736520110202	13311559	0
14736520210120	21312501	0
14736520211122	14681703	0
14736520221010	13741235	0
14736522001111	8654146	0
14736522002020	8575295	0
14752362111010	10187449	0
14752362121111	8701756	0
14752362122020	7526716	0
14752630000000	24289489	0
14752630001200	20968790	0
14752630212112	11602688	0
14752631221021	7719064	0
14752632102112	10265633	0
14752632111112	13211586	0
14752632112012	13178629	0
14752632112120	13913772	0
14753260110001	13074444	0
14753260212001	18179371	0
14753260222000	10214644	0
14762350110220	13198821	0
14762350210120	13674680	0
14762350220110	12602051	0
14763250110112	16880678	0
14763250111201	16888731	0
14763250221220	13257762	0
14763250222012	12303946	0
14763251211010	8576607	0
14763252021121	10140513	0
14763252022021	9826673	0
14763252022111	9701000	0
14763252022120	10012373	0
14763252110110	14784531	0
14763252111001	13261522	0
14763520002100	10584002	0
14763520002112	10528550	0
14763522111220	10696414	0
14765230000102	22670271	0
14765230000201	19912101	0
14765230001020	14115897	0
14765230002010	10946912	0
14765230022020	9250871	0
14765231100100	7688174	0
14765231121211	7812998	0
14765231220202	8370272	0
14765232002020	8755235	0
14765232212221	7867946	0
15236470000000	12880776	0
15236472120010	10451011	0
15243670220110	12087502	0
15246370220221	9573723	0
15246370221220	9228291	0
15246371220220	9605846	0
15267430112002	9509855	0
15273640001212	13140571	0
15324672002200	14674536	0
15342670100200	32629398	0
15346270210210	12023346	0
15367420100002	29472114	0
15367420112002	10311753	0
15367422100012	10385944	0
15426370000000	14627639	0
15426370001122	11418991	0
15463270202002	10580344	0
15624731012101	8546917	0
15624731022202	8849129	0
15624731222221	7194184	0
15627430112002	12266628	0
15627430211002	15236544	0
15627430221001	12300578	0
15634721012221	11281237	0
15634721210122	9020866	0
15637422100012	9836139	0
15642370000000	36596812	0
15642371102200	9334593	0
15642371120221	8918734	0
15642371220211	9430134	0
15642372101200	10060379	0
15642372110212	9314327	0
15642372120112	10497276	0
15643270110220	14233332	0
15643270220110	13549477	0
15643272112000	8918349	0
15647232102121	9592032	0
15672340002121	13355512	0
15672340212001	11607392	0
15672341212201	10036946	0
15672342102121	10697532	0
15672432201022	11936986	0
15724361101021	8070274	0
15724630000000	11189815	0
15724630100200	11080699	0
15724630211122	13603051	0
15724631012122	12453988	0
15724631202112	9870006	0
15724631212120	10415790	0
15724631212222	9155037	0
15724632021211	7038854	0
15734621220112	7500968	0
15746320000000	16155457	0
15746320212100	11972091	0
15746321202001	7653012	0
15762341011102	10676249	0
15763240000000	13670720	0
15763241212021	8669762	0
16243570021021	10430659	0
16243570120120	14550823	0
16243570210210	13880667	0
16245370120120	14179336	0
16254732201112	15623027	0
16257430021000	21113471	0
16257432112012	9146029	0
16273540011022	14098265	0
16273540210210	8411414	0
16275340201102	11239844	0
16275342011110	9548020	0
16327452121222	8168526	0
16342570220110	12998294	0
16345270000000	39082907	0
16345270022020	8972758	0
16345270111000	13021969	0
16345271211121	7676387	0
16345271222101	7273362	0
16345272011212	9807626	0
16345272122212	12696820	0
16347251020201	13922941	0
16347252010201	12196302	0
16357420112002	12715941	0
16374520001212	19924583	0
16374522100012	8766328	0
16423571001010	10018900	0
16427530100200	10457210	0
16427530120210	10805989	0
16427531222122	13248624	0
16453270000000	16084530	0
16453270100002	11067504	0
16453271000020	9791916	0
16475232021202	10580013	0
16523472221212	8694456	0
16523740001101	11349253	0
16524730001101	10793567	0
16524730001122	15118713	0
16524730002022	8559659	0
16527340000000	10529801	0
16527430012222	18567383	0
16527430111021	14205716	0
16527430201111	17850184	0
16527430222102	11910904	0
16527431002222	12640449	0
16527431100211	10875560	0
16527431120011	9260352	0
16527431120221	10114671	0
16527431220211	10336073	0
16527431222002	8995701	0
16527432201022	8283905	0
16532470000111	8252873	0
16534270000000	13728208	0
16534270000021	7708541	0
16534272100000	10695498	0
16534722100012	15871942	0
16537420000111	10074023	0
16537420002211	11177696	0
16537420002220	12943714	0
16537420112002	12661323	0
16537420122001	17152716	0
16537420221001	10224600	0
16542370110220	12772843	0
16542370220110	12729427	0
16542371001220	12930305	0
16543270110112	13701264	0
16543270112110	10947686	0
16543270220221	11129444	0
16543270221220	9411648	0
16543271220220	9609429	0
16543272110110	10378279	0
16543720000000	12997919	0
16543720002100	8691324	0
16547232221212	9185270	0
16547320002220	10054759	0
16572430000000	13171903	0
16572432102112	7540437	0
16573240012012	11877231	0
16573240201201	8674486	0
16574230002022	10533001	0
16723450011022	12467001	0
16723450211200	10908660	0
16725430010200	19012794	0
16725430020100	9420169	0
16725430100011	9388752	0
16725430100020	13713713	0
16725430200010	11063766	0
16725431100010	7084958	0
16725431121112	7476769	0
16725432002200	8426622	0
16725432011101	12445782	0
16725432222121	8303009	0
16735241011102	10351778	0
16742351121202	8828571	0
16743251212111	11178443	0
16745231010202	11143349	0
16745231011111	11652323	0
16745232010102	12129159	0
16745232222202	14916884	0
16753240110001	9856018	0
17246350000000	11778754	0
17265432000202	13633644	0
17324560100212	13980040	0
17324560121221	11136603	0
17326451101000	15669596	0
17356240101202	10634572	0
17356241100220	17902551	0
17362450100200	9787412	0
17362450120210	8344119	0
17362451102200	13747815	0
17364250120120	11582181	0
17423652102121	9387246	0
17425630011001	10084070	0
17425630112002	8077713	0
17425630202002	8438613	0
17425630211002	14370912	0
17425630211221	15030058	0
17425630212001	14411536	0
17425630212112	10051515	0
17425630221001	9404026	0
17426530001122	9657003	0
17426530010101	10094274	0
17426530021201	17332063	0
17426530102012	22264066	0
17426530112110	9634882	0
17426530121122	13595354	0
17426530202020	9098639	0
17426530220221	8261845	0
17426531010100	6463264	0
17426531220220	7242774	0
17435621100022	10814494	0
17435622100012	14470451	0
17436520212121	11607573	0
17452362102121	8914718	0
17452362211021	9407858	0
17452632102121	9069829	0
17453261100022	12947231	0
17462351102200	11452691	0
17463250011001	9012910	0
17463250110220	7561615	0
17463250202002	11603329	0
17463250210120	11113895	0
17463250212001	14926972	0
17463250220110	9136346	0
17526430020010	10789214	0
17526430120210	10665474	0
17526431012122	9396273	0
17543260000000	12377214	0
17543260021000	10017075	0
17642530000000	10270311	0
17642530001122	17280042	0
17642532201100	10024238	0
17643250011001	13114251	0
21345670000000	16318025	0
21345761112211	12127588	0
21345761201212	15069607	0
21345761202112	12202722	0
21345762221122	13027407	0
21346751202211	18638470	0
21347561201212	19611398	0
21354670011001	8133030	0
21354670020202	8321615	0
21354670110001	7267192	0
21354671200012	11567488	0
21354671200021	12614164	0
21354671202100	44557889	0
21354672020002	10280323	0
21354760001122	15264855	0
21354760001200	8869128	0
21354760002100	12553036	0
21354760002211	8695746	0
21354760011100	12631992	0
21354760022200	9208244	0
21354761102200	12914046	0
21354762201100	10452228	0
21357461200000	17305665	0
21357462102220	10141335	0
21357641110021	10664491	0
21364751200000	12358204	0
21364752101101	6899856	0
21365741110201	10100097	0
21365741201212	27935216	0
21367450200220	10001812	0
21367451001001	8693936	0
21374652222010	10842555	0
21375461201122	14501217	0
21375462222100	17512984	0
21376540000012	9494323	0
21376540001200	9787202	0
21376540011100	12328984	0
21376540020022	9662011	0
21457630210012	14859377	0
21473562220201	10016167	0
21536741111020	10631278	0
21654371120212	9561847	0
21654371122210	12392123	0
21654372221011	9739522	0
21654372221110	9215533	0
21734651012020	10083266	0
23147561012020	11273165	0
23147650001212	9376201	0
23147651201212	9074065	0
23156470111021	8900953	0
23156470222021	10281101	0
23156472212221	7494643	0
23157460120222	17805579	0
23157461020012	11459736	0
23164572102022	7300293	0
23164751020201	15277265	0
23164752222202	11852240	0
23165470000000	18735471	0
23165470200022	7808351	0
23165470201021	9504458	0
23165471000011	8489708	0
23165471000221	9820839	0
23165471021221	12145770	0
23165471200000	16822960	0
23165472122110	15517161	0
23165740001212	12968267	0
23165740120201	19939467	0
23165741012020	13201895	0
23165741020210	12125117	0
23165741020222	15100949	0
23165741201212	15420071	0
23165742220201	27112502	0
23167540122211	12761525	0
23167541020111	12244198	0
23174651012020	11322082	0
23175462100111	6746072	0
23176451021110	12504382	0
23176452221122	15615529	0
23416751010100	14125778	0
23417562121012	8209776	0
23456172101221	8617376	0
23456172122011	9537849	0
23456712101221	8486170	0
23475161010001	11901681	0
23517461020222	13588434	0
23576411122210	10995871	0
23576411201212	12013392	0
23657141010001	11246613	0
23671451011222	19652215	0
23674152121210	9314687	0
23751460021012	13375559	0
23751462001210	7957364	0
23756142111220	10696915	0
23756410111201	13086665	0
23756412111001	14752650	0
23756412112201	15167952	0
23756412211201	14162028	0
24153671210122	7635947	0
24157360202101	8021364	0
24157361212000	12348262	0
24167352021121	20470937	0
24173651212120	8534836	0
24315672200200	17460138	0
24315760011211	12117162	0
24315761102212	11645216	0
24351670101100	16619254	0
24351672000022	16552436	0
24351672200200	19444030	0
24351760000012	17780811	0
24351760101121	8416393	0
24367510212001	14589996	0
24367512000010	18990002	0
24376511111011	10832005	0
24516731122000	11317678	0
24531672012010	13605000	0
24536712120121	7903271	0
24537612120211	16349923	0
24561371000020	20043560	0
24563710010101	11838961	0
24563711010121	12051954	0
24563712010111	17062131	0
24571361110102	10314150	0
24571630010101	9598307	0
24615370001221	9890476	0
24615371102200	22080073	0
24615730011202	10802370	0
24615730021222	15136112	0
24615731000212	14876744	0
24615731102200	12337727	0
24615731122210	13423678	0
24615732002212	19360232	0
24615732200011	14021401	0
24617531122210	19095731	0
24637511200021	19584025	0
24651730002112	11003165	0
24651730222222	7949628	0
24715362200221	7538125	0
24715630000000	10694399	0
24715630011010	11674969	0
24715630011022	15252164	0
24715631202112	9679677	0
24715632001000	9110490	0
24715632020020	9922406	0
24716531212120	12416169	0
24731560000000	18865134	0
24731561200120	8940664	0
24736511111221	16291214	0
24751361110120	18342332	0
24751361210002	16223020	0
24761530110112	17607244	0
24763150000000	10883029	0
24765312111001	14132770	0
25134671122210	11473535	0
25134671201212	7458454	0
25134671202100	13671833	0
25137460000000	14044951	0
25137460100212	7608359	0
25163740001212	12776714	0
25314672000202	15346255	0
25314672000220	16506897	0
25314672020200	19885400	0
25341672002200	14914993	0
25341761202112	18122606	0
25364171200120	27057578	0
25364172112120	10830140	0
25367410100011	8610280	0
25413671212000	22279829	0
25413762010111	8865247	0
25436710200202	9887638	0
25436711012011	11153815	0
25436711012221	8958373	0
25436711021011	9743920	0
25436711212120	7721881	0
25436712121210	10877550	0
25436712221011	8489123	0
25463712101221	8966277	0
25471361212021	11827931	0
25471630201102	13313108	0
25631740101010	13841739	0
25634712210121	13626929	0
25641370102021	9704249	0
25714631012020	16069960	0
25714631112220	12927231	0
25714631202100	29605500	0
25714632010222	13575519	0
25716430101112	7993376	0
25716432112102	15390594	0
25731641121100	14163029	0
25734161110000	10679149	0
25734612002212	10497848	0
25736140000012	12223250	0
25736140122121	11449944	0
25736410022002	10432864	0
25736410120210	10751152	0
25736410210201	14651256	0
25736410220002	11268103	0
25736412012001	13303745	0
25741360121002	11319543	0
25741631111212	12565805	0
25741631201212	12599785	0
25743610122121	8425901	0
25763141112022	12244976	0
25763410221211	11334417	0
26135741021110	10565054	0
26135741102212	11559353	0
26135741221201	11694596	0
26153470011010	13646049	0
26153472020020	11853688	0
26153472021010	13370352	0
26154371221102	17082971	0
26175431220022	10429704	0
26317450101100	13273948	0
26345710112002	6206604	0
26371452001000	9338921	0
26415730211212	9882828	0
26415731010112	10993518	0
26415731122210	15193522	0
26435711111011	18887088	0
26435711122210	11195750	0
26435711200021	13080821	0
26435711211211	15750179	0
26435712200011	12636746	0
26435712222022	10206275	0
26437511011201	11613100	0
26453171100022	12340730	0
26453710222222	8751583	0
26513470011010	10157389	0
26517342222202	9405580	0
26534712222202	12017314	0
26543170000000	12970269	0
26543170012000	10585552	0
26547312020212	14534856	0
26573412220201	8852815	0
26714530101022	8406317	0
26714531010022	10403172	0
26715432120211	8855654	0
26741350121002	8915816	0
26743511010121	17354792	0
27134560020022	11858937	0
27154631200021	9711442	0
27314651202100	15458866	0
27365411210101	14455690	0
27415362020002	11985126	0
27415631212120	13231542	0
27415632210211	11563096	0
27416531022121	9587495	0
27416532210121	10819714	0
27435611011111	8041334	0
27453160012000	8569127	0
27453160021000	8949794	0
27456132021112	9069830	0
27516340000000	10289058	0
27534160000000	11632290	0
27534160000012	12506914	0
27534161200000	7994259	0
27534611200021	12996499	0
27536411221201	11288505	0
27543610000012	11187731	0
27543610000021	8508434	0
27546311120011	22218714	0
27613542222022	10304940	0
27614352200221	13988420	0
27615430201222	11112447	0
27615431002210	14100581	0
27615432202102	13711406	0
27634510020022	8767727	0
27634511122210	10971230	0
27643512200122	16999338	0
31246752201100	17450726	0
31247650002121	8347468	0
31247650212121	12721329	0
31256470120111	7046806	0
31257461111110	11776614	0
31257461201200	12397995	0
31257642200011	10348448	0
31264571011102	10434845	0
31264572021202	7943727	0
31264572111112	8496865	0
31264751021011	10806154	0
31264751202010	13446123	0
31265470000000	13762087	0
31265470011001	7893818	0
31265470011022	9843963	0
31265470201102	12639679	0
31265470202002	8655577	0
31265470210000	10475696	0
31265471122210	15614483	0
31265471201122	10226393	0
31265740122220	9857293	0
31267541111122	14629028	0
31267541202022	11429919	0
31275460001122	15001210	0
31275460211122	15480714	0
31275461022100	9840262	0
31275461112100	12815454	0
31275461200102	9967723	0
31275461201101	9347737	0
31275462200011	14904905	0
31276451022211	7540035	0
31276451202202	15753114	0
31452670212100	10464260	0
31452670221121	10717810	0
31452671211220	13569040	0
31456721000110	9576628	0
31462750000000	14580990	0
31462750002211	10630142	0
31475260211122	9679807	0
31475261220202	14408740	0
31475261222110	13835715	0
31524672221011	14767482	0
31527642221011	9780695	0
31564271101000	13661014	0
31564271102200	14343654	0
31564272002200	10221409	0
31572460011022	13516079	0
31624750001122	10409203	0
31624752201100	7258254	0
31627451110222	12903099	0
31654271202211	11884079	0
31754620220011	14736195	0
31765241211010	11042036	0
32145670000000	20834133	0
32145670012222	7584303	0
32145670021111	11422856	0
32145670110001	9807198	0
32145670222222	14867612	0
32145671002222	7332364	0
32145671101111	7675858	0
32145672001111	6939160	0
32145672200002	9464773	0
32146750121212	11321424	0
32146751121112	10711311	0
32147561202112	10715208	0
32147561222122	17889960	0
32147650012222	8954152	0
32147650021111	9480479	0
32147650102222	10406189	0
32147650201111	8951580	0
32147651002222	8595239	0
32147651120221	11395338	0
32147651122102	19108947	0
32147651220211	18345832	0
32147651221102	15351962	0
32147652001111	8718973	0
32156470000000	18222762	0
32156470002100	15440806	0
32156470121221	10554251	0
32156471201221	10165738	0
32156471221021	12097802	0
32156471221210	15218479	0
32156471222221	12474616	0
32156472112012	8126008	0
32156740001212	18934422	0
32156741200012	10295239	0
32156741202112	11619959	0
32156741222020	11106275	0
32157640121212	11489379	0
32157641120212	11332594	0
32164570000000	14850230	0
32164570000120	13434602	0
32164570121212	10342080	0
32164571121112	15390062	0
32164571121202	14233894	0
32164571122210	14573135	0
32164571201212	12295933	0
32164572212101	7563549	0
32165740000000	10244433	0
32165740000021	7845082	0
32165740122112	11604756	0
32165741100001	9544996	0
32165741220001	19378456	0
32165742200020	7884678	0
32167450000000	15215761	0
32167450102222	8297795	0
32167450111111	12025314	0
32167450201111	7361463	0
32167450222000	10586153	0
32167451100010	8540047	0
32167452111202	7181504	0
32167452202222	7792548	0
32167452210121	8154996	0
32174560001212	14065667	0
32174560121002	14706042	0
32174560121122	15057676	0
32174561120101	15132203	0
32174651201221	8481690	0
32174651221021	9267529	0
32175460000000	9904946	0
32175460002001	8224818	0
32175460110001	8507973	0
32175460222000	11740039	0
32175461122000	14830054	0
32175461201212	11969666	0
32416752010111	13550970	0
32417561002210	14505121	0
32417651021020	10195101	0
32417652021010	7091140	0
32451761220010	9976236	0
32456172101221	8717685	0
32456710122022	14708300	0
32465171001010	9700166	0
32465171021020	8343303	0
32465171022010	12267988	0
32465171221210	11700904	0
32465172012010	9823672	0
32465172021010	10450050	0
32465172022000	10186537	0
32465172122110	13578710	0
32475160121212	17634164	0
32475162220111	8479149	0
32476512121120	11317954	0
32517462020200	14542700	0
32546712212101	9925180	0
32547610010002	11059563	0
32547610020001	9988911	0
32547610102000	9883583	0
32547610201000	12729070	0
32547611000200	10315709	0
32547612000100	9731161	0
32561470002022	8514149	0
32561470010200	14389261	0
32561470011100	8899257	0
32561470020100	10436679	0
32561470100020	13819036	0
32561470200010	15699235	0
32561471022202	8599853	0
32561471102011	8049925	0
32561472111112	7736331	0
32561472212101	8134425	0
32567411011111	13603836	0
32567411020201	13224807	0
32567411111101	20287446	0
32567412020101	9794949	0
32567412022222	9980372	0
32576141202112	9327792	0
32615472221011	7657117	0
32647151022010	10039294	0
32647152021010	8628410	0
32647511222122	13503888	0
32657142010102	10105678	0
32657411000101	10429317	0
32671452012202	10915155	0
32674151002222	14890807	0
32714651221021	7088441	0
32716451012101	17338819	0
32741650010200	12175218	0
32741650020100	11048729	0
32741650100020	9109845	0
32741650200010	11079766	0
32741651000002	16736077	0
32741652000001	15923849	0
32745610112221	17083675	0
32745611202211	11128130	0
32745611211220	9849165	0
32751642210121	7862481	0
32754162100012	8346176	0
32756140122010	9297601	0
32761451010202	14580453	0
32761451011111	12251539	0
32761451111101	10335930	0
32761452010201	20425827	0
32761452022222	10647964	0
32765410001110	9191558	0
32765410010002	9796293	0
32765410020001	9195862	0
32765410022002	9603062	0
32765410220002	11793834	0
32765411110201	20057443	0
32765411212111	7743998	0
32765412011101	12898403	0
32765412112201	13466574	0
32765412120112	11170694	0
32765412211201	12424386	0
34125671020102	10494312	0
34125671020201	12767121	0
34125671110111	10608887	0
34125672022222	13248589	0
34127650010002	9224868	0
34127650020001	11199912	0
34127650102000	11741422	0
34127650201000	12374447	0
34127651000200	8912717	0
34127652000100	10511638	0
34162751021101	14589462	0
34165270001101	11027761	0
34165270010200	11479979	0
34165270020100	16237426	0
34165270100020	16572079	0
34165270200010	11332644	0
34165270200022	6882592	0
34165271212222	8383493	0
34165272022201	11451324	0
34165272111211	6961861	0
34165272200020	9389182	0
34167251102212	10028962	0
34172561021221	11166031	0
34172561202220	9423813	0
34175262210121	8913342	0
34216571102011	11499487	0
34261571021020	11379388	0
34261571022010	13092898	0
34261572012010	12827683	0
34265711101021	11397020	0
34275160201102	12305399	0
34275161001211	9453415	0
34275161102110	10433403	0
34516270000000	9320377	0
34516271201221	10267611	0
34516721202112	14538991	0
34517621120212	10203847	0
34521671112121	8858845	0
34526712121201	8140532	0
34527611100211	17725387	0
34527611120011	11627589	0
34527611120221	15394261	0
34527611220211	13637909	0
34527612201022	10867319	0
34561271011012	11815406	0
34561271011210	9825618	0
34561271101102	18063358	0
34561271102011	10415622	0
34561271121100	16654286	0
34561272110122	9568012	0
34561272122020	8382481	0
34561272200122	9468945	0
34561272202210	16017829	0
34561272210022	10280389	0
34561272210112	8714301	0
34561720000000	13345772	0
34562170210000	11594936	0
34562170210120	9112678	0
34562171121202	9526990	0
34567211112121	9581570	0
34617251000101	12053631	0
34617251012101	13508647	0
34617251021101	9670509	0
34617521110222	9530525	0
34621571021020	10424930	0
34625171000101	12407914	0
34627511121202	9508347	0
34651270012000	14553270	0
34651271221021	9406598	0
34675211111011	11278594	0
34715261110012	14783858	0
34716521112100	16640257	0
34721651010202	12077743	0
34721651020102	12238838	0
34721651110111	17510854	0
34721651111101	18976893	0
34721652222202	15371973	0
34725610101100	8591714	0
34725611000002	9106278	0
34725611010211	11129272	0
34725611120101	11541057	0
34725611120221	9342283	0
34725611211121	15707080	0
34725611220211	11186269	0
34725612000001	12578637	0
34725612000022	8524898	0
34725612021112	9131000	0
34725612200002	8859637	0
34761251212111	11457154	0
35126740121101	18003055	0
35126741120122	10056984	0
35127461220220	15036475	0
35162471011120	9707033	0
35162471012122	8899157	0
35162472011110	10692657	0
35162472212020	9083132	0
35162472221011	9512825	0
35162472221020	10416961	0
35162741102212	8635568	0
35167241021101	11753905	0
35172460121212	9589740	0
35174261102020	10827937	0
35174261120002	9348584	0
35246170000000	11941519	0
35246170002211	9416637	0
35246171102200	15218176	0
35267140112122	10025176	0
35267140210021	31819536	0
35271460211122	18519447	0
35416720002001	9686994	0
35416722121102	9823117	0
35417621112022	12632349	0
35426711020021	15233875	0
35426711200201	11661218	0
35426712000202	10081408	0
35426712020002	7595813	0
35426712201100	10485037	0
35461270000120	12280975	0
35461270210120	10288157	0
35461271111212	10971707	0
35462170020202	6300011	0
35462170101010	8964919	0
35462170110112	6172355	0
35462170221220	9181266	0
35462171102200	10517409	0
35462171112220	9490085	0
35462171201020	11756660	0
35462172012100	12247113	0
35462172020200	9889794	0
35462172110110	10373451	0
35462711211211	17019824	0
35472162111202	9765984	0
35472162120211	8792997	0
35476121110000	11581444	0
35614721210122	11850638	0
35617422020221	11291799	0
35624711010121	15255447	0
35624711210101	12672347	0
35624711210221	12094768	0
35624711220121	12000725	0
35714622000211	10410966	0
35721641110102	17796820	0
35762141111002	17201668	0
36125470000222	8101003	0
36125470101001	12947956	0
36125470102000	11290648	0
36125470111000	13476013	0
36125470201000	13286397	0
36125471000200	21077837	0
36125471010112	8199729	0
36125472000100	18658880	0
36125472121111	8811692	0
36125472212122	8510151	0
36125742111220	15397910	0
36127450222111	9770221	0
36145271011111	13165478	0
36145271020102	16599169	0
36145271020201	11999273	0
36145272222202	12113342	0
36147250010200	11266680	0
36147250020100	9658504	0
36147250100020	11462082	0
36147250200010	9583523	0
36147251000002	19400238	0
36147252000001	15220366	0
36152740120201	13548017	0
36152741020210	9905710	0
36172451022022	12799029	0
36217451020222	15871770	0
36217540112200	10338903	0
36217542102001	11626903	0
36241572101221	8292539	0
36241752101200	9849010	0
36415271012101	8076161	0
36417521012200	15287880	0
36514271101000	16344519	0
36521471002210	11619221	0
36521471220010	12792819	0
36527410020022	7563731	0
36527411000002	9793581	0
36527411020111	14854137	0
36527411100211	9159379	0
36527411110201	9943182	0
36527411120011	9143134	0
36527411211121	13166623	0
36527412000001	12767316	0
36527412200200	8425659	0
36541271212111	9267183	0
36542711010211	14282652	0
36547211010202	16057274	0
36547211011111	11084746	0
36547211020201	18577945	0
36547211110111	10189359	0
36547212220222	9385273	0
36712541010001	11407222	0
36712541010010	13569957	0
36712541010100	14811095	0
36712541011000	11086360	0
36714251121112	7647888	0
36714520121002	14324556	0
36714521010211	24227313	0
36714521011102	9404379	0
36714522021112	8674143	0
36714522021211	8125155	0
36721450020220	9510928	0
36721451010211	9336390	0
36721451011012	10752202	0
36721451011102	15881080	0
36721451011210	8231801	0
36721451020000	9632311	0
36721451112121	10599374	0
36721452002002	10333323	0
36721452010000	16713857	0
36725410010101	21222138	0
36725410020202	11011766	0
36725410101010	7812362	0
36725410202020	9910488	0
36725411000101	9190328	0
36725411010001	33671372	0
36725411010100	12033355	0
36725411010121	13654885	0
36725411012101	27557774	0
36725411210101	17562550	0
36725412000202	8386623	0
36725412020002	14862846	0
36725412020200	9281009	0
36741251011012	13776964	0
36741251011210	16624609	0
36741251011222	13818564	0
36741251012212	12648471	0
36741252122020	11053255	0
36745210100110	7652614	0
36745211010112	15263311	0
36745211011201	18771572	0
36745211011222	7824987	0
36745211012212	8348404	0
36745211020000	8986077	0
36745211112121	12588762	0
36745212010000	14006438	0
36745212020020	8549903	0
36745212022000	7828936	0
36745212121102	7293403	0
36751242111211	9998414	0
36752141011021	18591198	0
36752141012110	10979245	0
36752142021121	8482053	0
36752142022111	8101990	0
36752142100021	9434224	0
36754122121111	12020863	0
37246510001122	11351442	0
37256141210122	10685619	0
37415621222110	12018689	0
37426512021202	9735691	0
37452161212201	8257190	0
37516421222200	10084687	0
37561240200001	9246359	0
37612452011122	7128559	0
37612541110000	10388588	0
37614251110012	8588665	0
37614520000000	14044216	0
37614520212121	8971605	0
37614521000110	8354538	0
37614521002210	10908127	0
37614521202211	15848741	0
37614521212201	10421774	0
37614522121102	9045748	0
37615420002211	12387024	0
37615421100022	13531654	0
37615421112022	13460066	0
37615421202010	14175660	0
37615421202220	12493975	0
37615422010021	10749382	0
37624151200102	10540125	0
37624510121122	11206903	0
37624511010211	13824027	0
37624511120101	14211387	0
37624512020212	6510333	0
37624512120202	10652417	0
37641251111212	10069369	0
37642151102200	17231323	0
37642512011110	10313243	0
37645121201110	7446718	0
37651241100022	14641669	0
37651421201200	18756225	0
37652140002121	9369824	0
37652142120211	7982056	0
37654211200111	12259099	0
41236752121210	10893976	0
41237560202020	10166640	0
41263750201111	18554707	0
41325670101100	13146957	0
41325761202112	11931546	0
41325762020122	9983508	0
41352670101001	9908513	0
41352670101010	12280695	0
41352670111000	12229418	0
41357621202001	12001499	0
41367252000022	11867116	0
41532671202100	41390271	0
41532760122022	11210604	0
41563272002200	10551140	0
41576321101111	11718850	0
41625371202100	45923793	0
41625372010102	8218862	0
41625730111120	9612713	0
41635720101010	21639068	0
41657320111201	9858157	0
41673251101111	11298945	0
41673520000000	12979572	0
41723561202100	11976630	0
41725360121002	13901213	0
41725360210102	11845465	0
41725361110102	10892115	0
41725361202100	11207255	0
41725361202112	15090757	0
41725362010111	12344275	0
41725362010120	11368393	0
41725630000000	9413185	0
41725630100011	8824033	0
41725631211220	15450253	0
41725632000022	9109863	0
41725632010012	13896368	0
41725632100000	9033761	0
41726351202211	9695584	0
41726531201122	12000458	0
41735260212202	14128477	0
41735261201122	12640770	0
41735262012112	16813701	0
41735620122121	7029020	0
41735621202211	13831556	0
41736520122121	11100030	0
41736521221120	9673924	0
41752630111012	9846156	0
41752631200012	15195622	0
41752631201212	13675326	0
41752631202100	33181613	0
41756230210102	14702378	0
41756232010120	12143530	0
41762531110222	10675753	0
41762532012220	11933250	0
41765230122121	8574917	0
41765321110201	8214238	0
41765321202100	21622485	0
41765322011101	11722786	0
42136751020201	9517913	0
42137560012222	11859268	0
42137652011020	9077994	0
42137652021010	7616298	0
42157632120211	12348130	0
42163750010101	10778601	0
42165372112012	6337501	0
42167531020222	11885477	0
42315672001000	12239496	0
42351670101100	11650391	0
42351762120022	19497019	0
42367152000010	9400287	0
42367152100012	9349505	0
42516371122000	13795301	0
42561732212011	7971122	0
42573611212120	10257983	0
42573612211120	8276006	0
42613571202100	13050404	0
42615370202221	14842281	0
42615371102200	16991118	0
42615371110102	10475154	0
42615371202100	14177638	0
42651371102200	16046975	0
42651732200011	11058321	0
42673511121022	12153305	0
42751631210122	11499769	0
42751631212120	10801097	0
43126571022202	11300715	0
43167250121101	10960511	0
43176251012020	7718955	0
43176251200021	10553306	0
43216572021010	10327437	0
43216572021112	8778451	0
43216572101200	11195737	0
43216572101221	12680525	0
43512670202221	8166201	0
43527611201212	9480893	0
43561270000000	10152563	0
43571261011111	10185762	0
43572160000000	11812918	0
43572611201212	12453287	0
43576210012111	9942495	0
43576211001121	21569121	0
43615270222201	8651612	0
43615271002210	14065911	0
43617520112110	13192498	0
43621751102212	14872850	0
43651721212021	13115668	0
43675121111011	13947803	0
43675210110220	7061164	0
43721652120202	9590810	0
43751622012202	10296842	0
43765211111011	13833029	0
45167322211120	9531507	0
45176230020202	19274908	0
45176230022002	17839635	0
45176230220002	22951356	0
45176232020002	22067623	0
45176320020022	20958594	0
45213671110012	10542167	0
45273161111011	11540057	0
45276130020022	16859670	0
45312670111201	7342671	0
45312671112220	10772393	0
45312671122210	9930104	0
45312671202100	38139819	0
45312672021202	15896342	0
45312672111001	9367831	0
45312672120202	10787127	0
45312760002100	11181243	0
45312760022200	9777408	0
45312761110000	12589580	0
45312761200000	10794278	0
45321670101100	11487499	0
45321670110010	9004949	0
45321672002200	16384478	0
45327611111212	10482802	0
45362711011111	10913563	0
45367121112022	13156584	0
45367210000021	12288356	0
45367210100011	12300953	0
45367212000022	9250741	0
45376120020022	16725486	0
45376120220200	10487625	0
45376210222012	7831030	0
45376212020212	11342736	0
45376212222211	10568850	0
45612370022110	12767011	0
45612371220010	12316937	0
45612372001120	12486086	0
45612372021010	12420802	0
45612372021112	9789876	0
45612372211000	9072142	0
45612372221011	8497908	0
45612372221110	12617261	0
45613270220110	7769385	0
45613271122000	10175653	0
45621372012220	8182354	0
45621372100000	15258189	0
45621731101012	13309517	0
45621731122222	9856308	0
45623711221012	10402657	0
45623712211210	7932019	0
45637122021010	10490351	0
45637122221011	9069399	0
45671230021120	9549264	0
45671232001021	9754309	0
45673211101021	13090171	0
45673212100111	11220976	0
45713622112021	10993075	0
45721362210202	12201824	0
45721362211120	9479267	0
45732611122210	7651149	0
45736120011100	12129225	0
46123570000000	14626354	0
46123572121012	13478456	0
46125730222012	10494063	0
46127350020202	17106572	0
46127351020222	16376204	0
46127352020212	12970916	0
46135271022202	11173202	0
46153272020020	11548140	0
46157232222121	10082582	0
46157320220122	10763529	0
46215371010112	9974362	0
46215371202100	15715583	0
46257131100022	17481976	0
46257312201100	18815003	0
46273511011201	15356398	0
46273512110101	8516358	0
46275310012111	10137632	0
46275311001121	17019928	0
46275311021101	16230088	0
46275311121022	14604406	0
46275311202100	10127029	0
46275312010111	11459177	0
46275312201100	11957617	0
46321751000020	16458948	0
46352170100122	11684826	0
46352171002120	15679002	0
46372510110220	7916915	0
46375210100221	11883364	0
46375211002000	9741461	0
46375211021020	9296019	0
46375211021110	10673749	0
46375211221111	10458698	0
46375212001000	12374834	0
46375212012010	12852660	0
46375212222010	9857377	0
46512370220110	7625309	0
46512371002210	11549983	0
46513271221000	9053957	0
46513272002110	9699387	0
46523710220221	10330688	0
46527132000010	8912480	0
46572310112011	11724840	0
46572311021011	15995122	0
46721532012202	10822098	0
47123561121022	15237928	0
47123650122121	10286907	0
47126350122121	9989649	0
47126531022022	11856789	0
47132561200000	8657370	0
47132562111220	13882012	0
47132651122210	14023938	0
47135621021221	11200997	0
47136251022001	13436220	0
47152360122121	8238122	0
47152630211020	9512940	0
47156230221202	11956049	0
47156232100021	10149588	0
47156232112201	10272209	0
47156232122002	16863696	0
47156232211201	6186491	0
47156320000000	7415509	0
47156320022200	10226838	0
47156321021200	16950958	0
47156321202121	9295152	0
47156321221021	8778974	0
47156321221201	8873798	0
47156322112012	9659884	0
47162350211011	7786239	0
47163521020111	16857810	0
47165320121002	14817400	0
47165320211020	13707127	0
47165321021101	13435985	0
47165321022001	16172016	0
47165321121022	12143877	0
47165321202100	11077302	0
47216351020222	16227065	0
47251362020002	8506075	0
47251631020201	12824243	0
47256132101200	10132144	0
47256132210121	9662516	0
47265311011111	10847727	0
47265311020201	14459585	0
47265311202100	31431789	0
47321650200022	10188939	0
47352611012020	8314337	0
47352611200021	10827703	0
47352611202100	20764938	0
47512631201212	8257522	0
47621531121220	12418782	0
47621532120010	12414366	0
47632151122210	9099418	0
47632152101200	12778837	0
47632152121210	11956602	0
47632512101221	18579601	0
47652131120212	10071161	0
47653212100120	20025684	0
47653212121000	10374851	0
51264730002211	8859753	0
51264731102200	8151070	0
51267341201122	17490063	0
51324670100011	6885539	0
51324671101000	11012108	0
51324672002200	13496080	0
51324760000012	11692391	0
51324762002221	7411770	0
51342671101000	11487412	0
51342762201112	25364095	0
51367240100002	12376379	0
51423670110220	11929716	0
51426730000000	9580851	0
51426732201100	13968670	0
51472360020202	10785358	0
51472632220201	12218190	0
51623470210000	9633077	0
51623742202210	9985762	0
51624730201012	20118368	0
51624732212002	11479411	0
51632740212121	12542992	0
51642370011202	8916476	0
51642730002211	15860106	0
51647230002121	9002955	0
51723642020200	8196700	0
51724361011111	12410127	0
51724362010102	16072428	0
51726432012202	10317354	0
51732642010102	11106803	0
51742631212120	11943396	0
51742631212222	12511954	0
52134760121002	10189648	0
52147630010200	9531765	0
52147630020100	11856017	0
52147630100020	10604344	0
52147630200010	8984638	0
52147631000002	15865515	0
52147632000001	19189085	0
52163470001011	7814462	0
52163470102000	13807906	0
52163470201000	10978299	0
52163470222012	7532849	0
52163471000200	17427060	0
52163471020111	8840005	0
52163472000100	19839548	0
52163472000220	8555684	0
52163472110212	7598813	0
52163472212221	13050464	0
52167341010121	9325544	0
52167431010202	10672207	0
52167431011111	16639557	0
52167431020102	12742685	0
52167432022222	21700375	0
52167432220222	15303220	0
52174632112012	11160131	0
52314672200200	23609547	0
52314760211011	10696680	0
52341670000000	39211047	0
52341670011100	9300440	0
52341670200202	8075020	0
52341671100001	11132417	0
52341671121202	10584700	0
52341671212111	10744441	0
52341671212201	11249997	0
52341672022000	13649195	0
52341672121102	6884944	0
52341672121222	9928289	0
52341672212101	13344573	0
52361471010202	12165887	0
52361471020201	13156020	0
52367141100010	12393491	0
52367411211121	11441353	0
52374160001212	13411963	0
52376412111112	10581539	0
52463172101221	13535018	0
52463712101221	13147560	0
52471630112002	11672775	0
52471630212001	12086380	0
52614371202100	24031325	0
52641732101200	8870209	0
52641732121210	10108848	0
52673412121012	9676328	0
52713460121212	9231620	0
52714360121002	16116855	0
52714632102112	12850618	0
52714632112012	9069407	0
52731640122001	8486210	0
52731640212001	8845587	0
52736140211122	11128360	0
52741361202100	10238403	0
52741361202112	10205618	0
52741631011222	15867910	0
52741631012212	13899880	0
52741631101102	9224787	0
52741631101120	10053908	0
52741631121100	8199344	0
52741632110122	15085273	0
52741632202201	8951548	0
52741632202210	9663673	0
52741632210112	14433428	0
52741632212200	8588878	0
52743610000102	9497242	0
52743610000201	14621320	0
52743610001020	10302357	0
52743610002010	12757497	0
52743611020000	10591202	0
52743612010000	12824551	0
52761430000102	9353164	0
52761430000201	10400307	0
52761430001020	11125916	0
52761430002010	10859428	0
52761431020000	9232218	0
52761432010000	13889565	0
52763142111220	15496079	0
52763410111201	23263034	0
52763410222012	8347098	0
52763412111001	21417699	0
52763412112201	22399683	0
52763412211201	20412171	0
53126470120120	14008308	0
53126470120210	13701871	0
53126470210210	12618500	0
53146271012122	11960030	0
53147261012020	8849071	0
53162742201112	26136477	0
53274162100111	11838938	0
53421670210000	15514490	0
53421670210120	10073187	0
53426170001122	10271967	0
53462710002211	12162354	0
53467210210000	9844403	0
53476120212001	9880697	0
53476120212211	9665221	0
53614720101010	18105206	0
53621470220110	9376460	0
53642170000000	14345934	0
53672141110102	15342651	0
53714621122000	12437116	0
53721462112201	12004867	0
53724611010001	10200529	0
53726142222010	8112390	0
53741620212001	11870963	0
53741620221001	9893734	0
53742611212222	8579258	0
53761241010100	10119477	0
53761241110102	11362805	0
53761241210101	10521368	0
53762142111220	8951886	0
53762412211012	13090079	0
54123672122212	12274841	0
54126370220110	10106085	0
54127631020102	21593220	0
54127631111101	12229898	0
54127632020101	21487883	0
54127632022222	11991306	0
54127632222202	12302738	0
54163270022110	16988826	0
54163271122000	13064942	0
54167230010002	9430457	0
54167230020001	13065463	0
54167230110100	7929832	0
54167230222102	8286358	0
54167231001001	8233451	0
54167231022202	15345395	0
54167231222002	9506754	0
54167232121222	16862809	0
54167232220102	9982602	0
54172632021202	14294281	0
54217361122102	13373383	0
54217631021101	20849099	0
54231670012000	20988168	0
54231672012010	10313759	0
54261372012010	11377995	0
54261731120122	8975877	0
54276131122201	8435206	0
54312670020220	7944470	0
54312671101000	8785719	0
54312672200200	17818746	0
54317260002001	10698008	0
54317620000111	9368261	0
54321671101102	10485096	0
54321671101120	11081370	0
54321671121100	13483255	0
54321672202201	15465468	0
54321672202210	18780275	0
54321672212200	18624505	0
54321760100110	8180527	0
54321762002002	12666271	0
54326170000120	20635303	0
54326170001122	8258211	0
54326170210120	9888520	0
54326710001101	11562638	0
54327611112121	8375796	0
54361271112121	8253040	0
54362170002022	8019424	0
54362710000120	9771701	0
54362710212001	11091704	0
54367120001101	13124341	0
54367120002100	9022910	0
54367120002220	14693001	0
54367121100010	9336593	0
54367121200000	12139542	0
54367122200002	11870365	0
54367210021111	15874078	0
54367210102222	11107579	0
54367210111021	9515439	0
54367210222102	10618177	0
54367211100211	14503742	0
54367211120011	12216252	0
54367211122102	10096101	0
54367211221102	10462538	0
54367211222002	9884341	0
54367212001111	18613934	0
54367212201022	12541522	0
54371260002220	10627865	0
54371620002001	17541674	0
54371620002211	8733862	0
54376120211122	13207629	0
54376210000021	12580494	0
54376210000111	7998731	0
54376210002022	9714732	0
54612370001200	22004173	0
54612371111020	7893060	0
54612731001112	18347317	0
54612732211102	8316268	0
54621370022200	8872348	0
54621371100010	10488499	0
54637210021000	9210547	0
54671231110102	9675534	0
54712360212202	9601431	0
54712361112211	12910894	0
54716231111002	12423512	0
54716320001212	10022583	0
54716321202112	10187643	0
54721630000000	34774316	0
54721630011010	10992510	0
54721630200022	8324655	0
54721631022121	8648499	0
54721631101111	9587273	0
54721631101120	8245847	0
54721632120211	7856032	0
54721632202210	9142157	0
54721632222220	7719345	0
54723611020201	17880768	0
54723611110111	15356030	0
54723611111101	14223169	0
54723612010201	12315384	0
54723612222202	11744825	0
54761232211210	11849437	0
54763211211121	11521294	0
56123470111201	10008396	0
56123470112110	11952331	0
56123470220221	16958561	0
56123470222012	9701007	0
56123471211010	11753574	0
56123471220220	15281765	0
56123472022021	15090039	0
56123472022120	11553042	0
56123472111001	9967870	0
56123472112201	8702953	0
56123472211201	10625120	0
56124370000120	9556246	0
56124370121212	11338584	0
56127432221212	10515510	0
56132471222221	11580103	0
56132472100000	10779403	0
56132472102100	11572627	0
56143272221212	12483573	0
56147230111021	15507862	0
56147230222102	15373132	0
56147231122102	13043531	0
56147231221102	15834487	0
56147231222002	11992015	0
56147321222122	14483771	0
56173420002001	10848470	0
56174231212222	10011094	0
56174320121002	15713177	0
56213470000000	12864965	0
56213742202222	12402382	0
56243172022000	13409608	0
56243712010222	10989994	0
56247131222122	11040606	0
56271432000202	12855724	0
56271432012202	13818769	0
56271432021202	13268689	0
56274131220022	8555350	0
56274311202100	17857023	0
56321472122212	9542004	0
56321741100001	13314419	0
56324170110220	9989101	0
56327410100221	11661754	0
56327412102001	16353586	0
56341272010102	14142799	0
56341272020101	11130625	0
56347121222122	11141492	0
56347210102000	10314613	0
56347210111021	10775461	0
56347210201000	10844974	0
56347210220020	7637613	0
56347211000110	14362643	0
56347211000200	17192349	0
56347211012122	10294550	0
56347211121112	7637831	0
56347212000100	11068498	0
56347212020221	14717732	0
56423170120120	9130199	0
56423170120210	11444067	0
56423170210210	10321994	0
56423171001010	10153592	0
56423172021010	12396472	0
56423172022000	10169818	0
56432712011011	18547100	0
56712340121002	10041824	0
56712342100012	8333892	0
56721342012220	9074682	0
56721431201122	13168810	0
56723410002202	6735072	0
56723410010002	11044974	0
56723410020001	8411091	0
56723410111201	11998787	0
56723411011201	18791884	0
56723411212111	8119962	0
56723412110101	15486078	0
56723412111001	12679424	0
56723412220000	6937189	0
56732142011002	18256412	0
56741230010200	10506350	0
56741230020100	10763291	0
56741230100020	12383048	0
56741230200010	10044349	0
56741231000002	17670898	0
56741232000001	15777857	0
56743211011111	15282159	0
56743211110111	12216503	0
56743212010102	17171787	0
56743212010201	14691000	0
56743212220222	11713092	0
57123460000000	11018734	0
57164321020201	11684801	0
57214360212121	11236825	0
57214631101102	20221380	0
57236140002121	9000739	0
57236140211122	9249075	0
57236140212121	21738229	0
57241630211002	7016882	0
57241630212001	8132503	0
57246130001122	10877163	0
57264131000212	10064085	0
57321640200001	11303481	0
57321641200021	8582017	0
57364211102200	13614026	0
57364211202100	9061366	0
57364212221011	8543880	0
57642310002211	10692457	0
61234571120212	10386920	0
61234572121102	8514661	0
61235740202020	14668911	0
61257342121012	10653359	0
61274350202020	10839433	0
61274531120212	8159222	0
61352471122210	10944054	0
61352471202100	18460593	0
61452730200202	11629318	0
61453720000000	9665790	0
61453720200001	9209312	0
61453722000010	9757815	0
61472531012221	7868770	0
61472532001000	8669919	0
61527430000000	10617332	0
61534271200021	13659668	0
61534720001200	8532450	0
61534720002100	8661902	0
61543270000000	10638126	0
61543270001200	11310158	0
61572431201212	9959483	0
61734522111220	16064853	0
62134571210212	8336584	0
62135470011010	11385261	0
62135471021020	10504023	0
62135472011020	8787385	0
62135472012010	13600946	0
62135472020020	10913307	0
62135472021010	13144676	0
62135472121120	11408377	0
62135472211210	11923796	0
62135742111220	8454481	0
62135742201112	18719697	0
62147352012010	8805296	0
62147352021010	10417195	0
62154732210010	10312943	0
62157341021101	12604971	0
62173542121021	11351351	0
62174350011022	11409340	0
62174532200101	10462929	0
62317452001000	13187569	0
62317452201100	11985941	0
62351742001012	35715760	0
62371452200200	11351820	0
62374510211200	9489020	0
62374512001210	15635976	0
62374512201001	9363779	0
62435171100022	15394241	0
62435171200021	16539483	0
62435710111111	10120240	0
62453712200011	14291317	0
62471531121022	10382182	0
62475130211212	8820498	0
62531471210122	9493333	0
62543710100002	10142299	0
62543710200001	9836482	0
62571431210122	10654971	0
62735142112102	15437283	0
63125740001212	13339110	0
63125742020122	10217276	0
63125742022201	13073589	0
63142570000000	8780812	0
63142570021210	21804500	0
63142572001012	16269152	0
63172451201212	9055327	0
63172451202100	21849604	0
63174521221021	7277254	0
63247510012021	10866342	0
63251742022120	11184048	0
63452710200202	8852452	0
63452711222110	9675481	0
63471521012020	10443486	0
63471521212021	11969278	0
63471521221021	10955284	0
63472511012221	10096452	0
63512742202222	12193983	0
63541270101100	15502162	0
63542712010222	12564233	0
63574211012020	10691737	0
63574211202100	21900770	0
63712541110000	10414148	0
63714251012020	11557830	0
63714520001212	8426143	0
63714521221021	8766830	0
63721540122211	9110243	0
63724152010102	13066806	0
63725140001212	11893838	0
63725140122010	8553649	0
63725141012020	14566893	0
63725141112022	15819260	0
63725142011002	19216607	0
63725142012202	26824019	0
63741251111212	11916316	0
63741521012020	13609097	0
63742510121110	8308650	0
63745122011101	8974331	0
63751241110210	9797579	0
63751422011200	14678219	0
63752140000000	9646777	0
63752140011100	10741952	0
63752140012102	11679096	0
63752141221021	8888105	0
63752142012112	10880897	0
63752142101212	8067182	0
63752142112012	11348374	0
63752410112101	14068001	0
63752410222102	14524457	0
63752411201212	12107176	0
63752411211001	19748940	0
63752411222002	17105464	0
63754212011011	12848019	0
64125370020202	11405529	0
64157320022101	23042160	0
64231571200021	9992296	0
64257130002112	9621772	0
64271532110101	11586713	0
64275130101112	10423538	0
64275130201012	9747976	0
64275131100022	14555551	0
64275131121022	13647526	0
64275132120001	10412221	0
64275132201100	10559424	0
64275310001221	14340910	0
64275310111111	11300909	0
64275312201100	12397434	0
64321571000020	18198702	0
64321571021020	13507042	0
64321571200021	12242978	0
64325712010111	16130250	0
64351271021020	12666667	0
64357211202100	11291131	0
64357212120211	14053399	0
64357212201100	10609719	0
64531270101100	16044582	0
64531271021020	12493929	0
64531272011020	11755872	0
64531272012010	13542354	0
64531272200200	10192467	0
64531272201100	9592609	0
64572130011112	15318549	0
64713252001000	10133288	0
65123470001200	13194447	0
65123470122121	10047184	0
65123471201200	15041809	0
65132470101001	7491717	0
65132470111000	9133264	0
65132470120210	14612611	0
65132470212010	12910815	0
65132471020120	11144192	0
65132471101120	13784068	0
65132471122210	15652472	0
65132472000220	9616073	0
65132472202201	7823395	0
65132472212200	8209497	0
65132740112212	8432928	0
65132742111220	11169906	0
65134720122121	12575798	0
65147320121002	14815921	0
65172430021222	19164703	0
65174231012020	11601453	0
65174231022202	11151031	0
65174231212201	10175985	0
65174232212101	9143424	0
65174232220102	16527405	0
65174321202100	8334158	0
65174322112012	8907667	0
65213740000000	11160672	0
65241370000000	10378465	0
65243711010211	11091858	0
65271340221220	9687330	0
65271431120122	8378025	0
65274130000000	11148434	0
65274130200202	7873879	0
65274130201102	10351031	0
65274131012221	12158186	0
65274132021112	9018130	0
65274132121210	10892166	0
65274132201112	9093611	0
65314271200021	10465344	0
65314271202100	26081706	0
65321471000011	10926422	0
65417320121002	7828733	0
65417322112012	8271950	0
65417322121012	9489261	0
65423712210211	12257188	0
65432172121210	13078859	0
65471230021102	10718837	0
65714322112012	10082262	0
65723142210202	14239500	0
65732410222012	12826044	0
65742310101202	8094772	0
67132540022200	13979684	0
67145322022201	8738900	0
67154232212221	10280284	0
67215342222022	14389220	0
67231540212001	12752501	0
67231542212011	14242188	0
67234512221011	9497836	0
67245130202212	7743557	0
67245310001200	13534830	0
67245310022122	9035957	0
67254310020022	11490469	0
67254312200002	7109650	0
67312451122210	13012701	0
67312540010110	10338964	0
67312541110000	12414691	0
67321450000012	11618116	0
67321450001200	10647669	0
67321450101100	13353014	0
67321450200022	8321862	0
67321451000011	9849092	0
67321452002200	8679274	0
67321541121022	14199825	0
67341251111212	10536592	0
67342511111002	6718770	0
67345121112022	17719961	0
67345121121022	15687149	0
67345210000012	10470212	0
67345210000021	12342543	0
67345210001122	7848224	0
67345210002211	12419152	0
67345210100011	8676964	0
67345210200022	8904399	0
67345211000011	8034437	0
67345212000022	8824917	0
67354120000000	11329520	0
67354210101010	9825858	0
67354210202002	12608152	0
67354210222000	12986384	0
67354211000110	9249313	0
67354211101111	17151837	0
67354211200021	10212405	0
67354212000202	8165608	0
67354212020200	8654914	0
67354212100021	11144997	0
67354212202222	10768482	0
67412352021010	12307834	0
67412352221110	8595872	0
67412530020022	9037377	0
67435120221001	6708687	0
67435122012010	6770646	0
67452312210121	11940123	0
71234562120211	11763992	0
71263540222111	17587212	0
71263541212012	24092506	0
71264532020212	10243646	0
71264532110212	12731509	0
71264532120112	12850901	0
71264532120202	14341799	0
71326450100200	11290922	0
71326452021010	9484336	0
71326542222202	13290650	0
71345261021020	7839033	0
71362452002200	9053610	0
71365422220201	15776238	0
71423562102121	9031838	0
71423652102121	9790560	0
71426352201100	10922429	0
71426532222112	14572448	0
71432560121212	8741333	0
71432560212121	8324652	0
71432561000110	9171765	0
71432562121102	9000112	0
71432562212002	12099068	0
71432562212011	12366581	0
71432562221002	16224920	0
71435260211122	10028530	0
71435261111011	9648520	0
71435262100012	13284685	0
71435262200011	9519698	0
71435262222022	22223649	0
71435262222112	21914509	0
71435622222220	14746431	0
71436252222001	15611972	0
71452362102121	9610254	0
71452631111020	12011888	0
71453261111110	9376839	0
71453622200011	16699946	0
71456320211212	8820904	0
71456321000110	10688356	0
71462530002211	11566675	0
71462531000101	8703043	0
71462531010001	7085693	0
71462532000112	21214943	0
71462532110002	13529793	0
71463522220111	17837964	0
71523462020200	12760310	0
71523462120202	13172543	0
71523462220201	10089882	0
71532462110221	8869258	0
71534261011111	12357747	0
71542632021211	9169054	0
71543621000020	8219579	0
71543622000010	9477103	0
71546232220102	9163015	0
71546321120101	10433686	0
71562432012121	9095244	0
71563242110110	10102483	0
71625432102022	16800557	0
71643251120101	8323982	0
71643522220102	11304162	0
72134561201101	10017462	0
72136540211122	8423924	0
72143562111220	9374932	0
72143650010002	10367475	0
72143650020001	11040663	0
72143650102000	12000683	0
72143650201000	10577826	0
72143651000200	10441119	0
72143652000100	9861204	0
72145630122112	11411389	0
72145632121120	11995677	0
72145632201112	16060998	0
72146351121112	8671817	0
72163451011111	11185676	0
72163452010102	14326605	0
72163452020101	18397071	0
72163452022222	12994187	0
72163452220222	18546593	0
72164352020002	18455631	0
72165430002220	7944279	0
72165431000002	10141668	0
72165431000011	10223187	0
72165431100001	9786202	0
72165431212201	8989945	0
72165432000001	12897473	0
72165432010222	9005352	0
72165432110122	8487784	0
72165432122212	11515423	0
72165432210112	10926458	0
72165432220102	15012567	0
72345610000000	16226395	0
72345610022002	7127189	0
72345610110112	7778984	0
72345610111111	7644599	0
72345610220221	9152807	0
72345611011000	8589201	0
72345611220220	7742370	0
72345612110110	8408195	0
72345612222220	9073611	0
72356140001212	11162939	0
72356140121002	9790161	0
72356142100012	9275094	0
72361452121222	7869895	0
72361541222122	15451398	0
72365411111101	8320702	0
72365412010201	23456296	0
72365412020101	17413349	0
72365412220222	8327268	0
72435162222202	13924222	0
72513640121212	7792030	0
72513640122211	11248333	0
72516341202112	13625639	0
72531462210121	11770200	0
72534162100012	12025907	0
72541630000102	10393642	0
72541630000201	10440673	0
72541630001020	10722820	0
72541630002010	12918551	0
72541631020000	10924522	0
72541632010000	13540929	0
72543161200000	9162644	0
72543162100000	10290063	0
72543610110112	8552026	0
72543610112110	8879489	0
72543610220221	10553662	0
72543610221220	9174582	0
72543611220220	8797434	0
72543612021121	16454746	0
72543612022111	12668009	0
72543612110110	9833633	0
72543612112201	14608987	0
72543612211201	14209260	0
72546310212001	13448099	0
72546312212101	11079660	0
72561341202112	13401660	0
72561431102011	14480491	0
72561432110122	13601044	0
72561432200122	18415089	0
72561432210022	13092329	0
72561432210112	11103731	0
72563410000102	9106256	0
72563410000201	10165094	0
72563410001020	15712759	0
72563410002010	9585425	0
72563411020000	9247064	0
72563412010000	11785636	0
72643512101200	14477268	0
72643512101221	12754469	0
73125462022021	10000616	0
73146521002120	8168959	0
73246152201100	10710162	0
73456122120211	11086989	0
73516242212002	13340072	0
73516242221020	9812348	0
73541261210101	10571646	0
73542162210022	11174131	0
73542612021010	12297620	0
73542612021211	12183626	0
73564212210211	11561573	0
73614250001212	12956957	0
73615240001212	12492438	0
73615240002211	11967145	0
73615241112022	13821913	0
73615242012202	11964449	0
73615242102202	12491766	0
73615242220201	9641072	0
73615242221200	9860439	0
73615420002211	10302329	0
73615422102100	12432133	0
73615422222220	11950342	0
73624512010021	17617537	0
73624512221020	12711148	0
73625140001212	12299857	0
73625142010102	10980963	0
73625142222202	14282975	0
73625411111212	8290643	0
73642510000000	15844271	0
73642510002121	18602045	0
73642510002211	19076706	0
73642512112111	16012269	0
73645120002100	11704486	0
73645121111200	7614892	0
73645210112002	8470603	0
73645210120000	9923020	0
73645210210000	8648359	0
73645210221001	9359824	0
73645212001120	13708903	0
73645212222001	16146705	0
73651240002211	13355489	0
73652412100201	11076776	0
73652412220210	10108449	0
73654121000011	10896404	0
73654121110000	8446877	0
73654210000021	11206128	0
74123562212110	9616385	0
74123651211010	10600751	0
74123652021121	18832496	0
74123652022021	15464969	0
74123652022111	17780345	0
74123652022120	15147459	0
74125630202200	7119013	0
74125631010010	9698657	0
74125631011000	10712378	0
74125631020000	9032918	0
74125631210221	7330556	0
74125632010000	12410776	0
74125632020122	15323365	0
74125632021121	12026976	0
74125632022111	13406433	0
74125632022201	21785301	0
74125632221212	12149088	0
74126351222011	11567918	0
74132560210120	12241930	0
74132561010010	11096415	0
74132561011000	9107190	0
74132562020110	20010335	0
74132562021001	13455737	0
74136521211010	9071092	0
74152362021121	14656574	0
74152362022021	13100426	0
74152362022111	15508615	0
74152362022120	14650585	0
74156321011012	9373290	0
74156321011210	9342995	0
74156321202112	9212822	0
74156322021220	21078332	0
74156322022012	13683773	0
74163250010011	7400898	0
74163251001100	7671720	0
74163251020000	9558810	0
74163252010000	12465653	0
74163252020221	21610932	0
74163252022021	12426657	0
74163252022102	13390616	0
74163252022120	12262109	0
74163252221212	8621838	0
74165230010101	7310028	0
74165230020202	8709358	0
74165230101010	9678390	0
74165230202020	8441316	0
74165231000101	7777565	0
74165231010001	14310128	0
74165231010100	10818933	0
74165232000202	12700415	0
74165232020002	34264742	0
74165232020200	22663280	0
74165232020212	25903546	0
74165232021202	17991701	0
74165232120202	15093054	0
74213651212021	9949152	0
74251632000202	12985360	0
74256310210111	14408447	0
74256312000121	22934339	0
74265311222122	7056727	0
74312651222221	10525903	0
74321562200020	9527288	0
74321652122212	12799269	0
74325162020212	13305886	0
74325611110111	9599863	0
74325612010201	16497797	0
74325612020101	14413358	0
74325612022222	10340649	0
74361252001021	16174233	0
74361252100120	10377960	0
74365210010110	9870955	0
74365210102000	10009966	0
74365210201000	10299990	0
74365210202002	7919586	0
74365210222000	9172173	0
74365211000200	9516405	0
74365211111212	6386226	0
74365211222221	12596685	0
74365212000100	16221980	0
74365212010222	11541684	0
74512360211122	11677893	0
74512361202112	11992890	0
74513262010111	14807048	0
74521631111101	12300097	0
74521632010102	16305153	0
74521632010201	13784990	0
74521632022222	12808964	0
74521632222202	13913671	0
74523610010002	9224618	0
74523610020001	11990513	0
74523610102000	11740127	0
74523610201000	9916532	0
74523611000200	8671684	0
74523612000100	11782902	0
74532162012112	15028026	0
74561230000111	8693885	0
74561231000002	9095485	0
74561231110000	7464255	0
74561232000001	17844460	0
74561232020122	14930547	0
74561232122212	11489260	0
74561232200122	7004749	0
74561232210022	7661654	0
74561232210202	20704073	0
74563210121221	11030596	0
74653212022111	13828265	0
75132462122122	18747126	0
75143262120202	12929553	0
75146320212220	9281264	0
75213641112022	10631200	0
75231462100012	17538284	0
75234160211122	10230337	0
75234161110000	9423516	0
75236142102121	11871796	0
75241631111212	7714609	0
75243161100211	16955719	0
75243610002121	12790601	0
75243612102121	12766453	0
75246130222201	8808278	0
75246310000000	25862691	0
75246312101200	13721342	0
75246312201100	13818388	0
75246312221221	11866077	0
75261431012122	11039143	0
75264131010121	9143645	0
75264131112220	10382727	0
75264131210101	7623190	0
75264132010222	17036843	0
75264132220102	10266113	0
75264310112011	9132588	0
75264312120001	18897185	0
75312462222022	9732966	0
75314620022110	10325984	0
75314620202101	22789664	0
75314622002011	11816977	0
75316240120120	8866836	0
75321460200001	11992065	0
75321462021010	11525109	0
75346121022022	7671685	0
75346210022011	14011042	0
75346210100200	12631023	0
75346210200100	10171309	0
75346211212222	8018637	0
75346212001021	11627661	0
75346212021010	11677424	0
75346212021211	10605170	0
75346212221011	12241151	0
75412630112221	8383436	0
75416322121102	9415678	0
75431262022102	14558467	0
75462131012101	12450531	0
75613242020221	10637406	0
75613242022102	18101789	0
75634122212011	8987501	0
75641322121000	10374790	0
75642131102200	8949890	0
76123452122212	12153203	0
76125342222022	12557598	0
76143251020201	13056041	0
76143251110111	10061932	0
76143252020101	10052722	0
76143252220222	13959691	0
76143252222202	21599690	0
76145230010002	9987775	0
76145230011001	15083776	0
76145230020001	12104313	0
76145230110001	14072368	0
76145230200220	7194274	0
76145231012221	7559747	0
76145231122102	12437486	0
76145231220202	9754714	0
76145231221102	11150314	0
76145232022102	9426685	0
76145232121222	14412968	0
76154322222001	15085687	0
76213542102022	11593979	0
76213542200221	9507733	0
76215340120120	6728118	0
76215432222022	12365455	0
76231450012000	17519864	0
76245310010020	15212236	0
76245310020010	14872556	0
76245310102201	10749041	0
76245311021020	8521089	0
76245312011011	13886725	0
76245312012010	7894259	0
76253140012021	15822008	0
76253140100221	8953031	0
76253412211201	16022011	0
76254132200212	16535748	0
76254312100000	18341253	0
76312451101000	16913449	0
76312452100000	9349015	0
76312452200200	9927754	0
76312541210101	7375568	0
76312541211010	7910370	0
76312542211111	16369834	0
76315240001002	11950273	0
76315240002001	11078172	0
76315240112002	9019705	0
76315240211011	8118181	0
76315240212202	9535534	0
76315240221001	7564576	0
76315242100120	11371471	0
76315242212212	16230583	0
76321451011012	10336875	0
76321451011210	9630854	0
76321451011222	8441153	0
76321451012212	10622837	0
76321451101120	12210652	0
76321451102011	12063951	0
76321452122020	10599612	0
76321452200122	17031505	0
76321452202201	17705186	0
76321452210022	11079828	0
76321452212200	17197533	0
76321541100001	11944158	0
76321542100000	11003150	0
76321542200020	11844826	0
76324150001122	11444131	0
76324150001212	10349604	0
76324152212011	8759690	0
76325410000102	10383804	0
76325410000201	21947459	0
76325410001020	13485344	0
76325410002010	12085352	0
76325410011010	10127524	0
76325410220200	8997093	0
76325411001010	9896171	0
76325411120101	12310258	0
76325411222122	8791224	0
76325412111112	11098380	0
76341250000102	14636763	0
76341250000201	12696814	0
76341250001020	12833318	0
76341250002010	17025642	0
76341250110010	8539414	0
76341250200202	9219596	0
76341251121202	9474645	0
76341251212222	8525776	0
76341252110101	10472148	0
76341252122020	8845630	0
76342510000120	19025758	0
76342510000210	20893143	0
76342510212001	10500038	0
76342511121112	8019415	0
76342512102001	15497179	0
76342512211000	15982283	0
76342512212011	15862283	0
76342512212101	15727157	0
76345121100001	13144672	0
76345121100010	12433218	0
76345121102200	9336486	0
76345121200000	9383399	0
76345122100000	8916301	0
76345122200002	10931358	0
76345122200020	11206937	0
76345122201100	8405879	0
76351420001212	11177094	0
76351420002211	8978437	0
76351422210121	12040944	0
76354120010101	9868195	0
76354120011010	8049012	0
76354120200202	8324204	0
76354120202020	8690704	0
76354121000101	8693780	0
76354121001010	7829293	0
76354121101111	10743702	0
76354122100012	12066757	0
76354122100021	11641747	0
76354122202222	15354922	0
76354211102212	9299051	0
76354211201122	9586907	0
76354211202211	10040789	0
76354211222221	8864599	0
76354212111112	9924277	0
76354212201112	11624919	0
76421350020010	11532120	0
76512342102202	15465884	0
76512342221200	13739715	0
76514320001212	14977970	0
76514320121002	10021231	0
76521432121222	9273865	0
76523412112120	12775681	0
76524312220111	15257360	0
76541231020102	16250760	0
76541231110111	11934529	0
76541232010102	13885060	0
76541232220222	9878579	0
76541232222202	11716801	0
76543210000000	31201849	0
76543210101001	10069428	0
76543210112110	8252023	0
76543210221220	8180667	0
76543210222222	8152226	0
76543211021212	7751031	0
76543211111110	8649085	0
76543211212102	8134018	0
76543212002020	8312954	0
