12345671010121	11765359	0
12345671012101	10258379	0
12345671210101	13325070	0
12345672020212	11392115	0
12345672021202	12179675	0
12345672120202	14882581	0
12345760000000	15352911	0
12346570000120	15414486	0
12346750002022	12207411	0
12347560001101	10307389	0
12347650000000	23003272	0
12347650011001	12240566	0
12347650022200	9729032	0
12347651000110	8043671	0
12347651012122	11915807	0
12347651012221	10052144	0
12347651112121	10574880	0
12347652000022	11726247	0
12347652021112	6917267	0
12347652021211	10805522	0
12347652221212	10955219	0
12354670000000	18818836	0
12354760001212	18819081	0
12354761010001	10154147	0
12354761010100	11749400	0
12354761200012	12342766	0
12354762020020	7924164	0
12354762022000	9535006	0
12354762100012	12510284	0
12356470002022	9772129	0
12356740022020	12060966	0
12356740202020	13547187	0
12356742002020	10800441	0
12357460000111	15423239	0
12357460002220	13532115	0
12357461100001	10206261	0
12357640002220	9910033	0
12364570001101	11114771	0
12364750001101	10431661	0
12364750002022	12311658	0
12364752200020	7896891	0
12365470000000	14524546	0
12365470100011	11957184	0
12365470202002	9600322	0
12365471112121	10161114	0
12365471210122	9342237	0
12365472121201	7928965	0
12365472221212	10001232	0
12365740002220	13522429	0
12367450012222	14112617	0
12367450021111	14464586	0
12367450102222	14689600	0
12367450201111	19338227	0
12367451002222	14553434	0
12367452001111	11881510	0
12367540001101	12370979	0
12367540002220	17235162	0
12367540220020	10794028	0
12374560010101	12105707	0
12374560100101	12951280	0
12374561000101	11697352	0
12374650000111	13928794	0
12375460000111	14069403	0
12375640002001	17577237	0
12376450000111	12801942	0
12376450002022	10849612	0
12376450110100	9172498	0
12376540001212	13714627	0
12376540121122	20125546	0
12376540211122	13027783	0
12376541010121	7152402	0
12376541012101	10257056	0
12376542022021	8378779	0
12376542022120	8648102	0
12456730021210	25295686	0
12456730122112	11026728	0
12456732112210	12030314	0
12463750120120	13112964	0
12467350020010	17017641	0
12467350120210	8886141	0
12473560021012	22738170	0
12536740001212	23342634	0
12537460221001	12865199	0
12543670000000	33921942	0
12543670100101	7681604	0
12543670220002	7532963	0
12543671010010	10982662	0
12543671210221	10313626	0
12543671211121	8186761	0
12543671220121	10729064	0
12543672000220	10621367	0
12543672110212	11396957	0
12543672120112	9714033	0
12543672122212	10885419	0
12546370110220	15807981	0
12563471020102	11530429	0
12563472020101	11189322	0
12564732212011	8668930	0
12567432121222	9003031	0
12576342101110	9457677	0
12637450021000	14738830	0
12637450221001	12409539	0
12643570210210	13564850	0
12645370020010	15258451	0
12673541220022	11366501	0
12734560001212	12342619	0
12734560211122	9200269	0
12734561202112	8964849	0
12745630000000	31440215	0
12745631000011	9903846	0
12745631101102	9740945	0
12745631111110	10904318	0
12745631121100	9395640	0
12745632020020	9573408	0
12745632202201	8329656	0
12745632202222	9022557	0
12745632212200	9588885	0
12753461120212	10082117	0
12763451211121	9890854	0
12765431010202	13603713	0
12765431111101	13819861	0
12765432010102	17095976	0
12765432220222	10547743	0
13245670210000	32792578	0
13246570000000	26236483	0
13246570001122	10210492	0
13246570002121	14570481	0
13246571210221	10284473	0
13246571220121	10505314	0
13246572110122	9499217	0
13246572210112	10841978	0
13246751022100	10694693	0
13247562101020	8972401	0
13254760211122	17137391	0
13254760212211	12433003	0
13254761210122	12833561	0
13254762212011	11705126	0
13257640001122	10854266	0
13265740001212	27040437	0
13265741020201	11600314	0
13267450011100	13858612	0
13267450200022	9858828	0
13267540000021	19564666	0
13267540121101	8518275	0
13274650001212	23803860	0
13275460001122	23156190	0
13275462102100	11316284	0
13275640001122	14174125	0
13275640001212	15124946	0
13275641020222	9990264	0
13275642101110	9978296	0
13276450002100	13747800	0
13276450122022	10155456	0
13276540022011	13302546	0
13276540102201	19723321	0
13276540210012	18255240	0
13276540211200	16961577	0
13276540212001	11230611	0
13276540212211	12715993	0
13276541212201	10133190	0
13276542212011	11143881	0
13462570000000	10554803	0
13462571102200	13379408	0
13527460100002	15238416	0
13542670120120	12182621	0
13546270102102	9706646	0
13546270120120	17093635	0
13546270210210	15070556	0
13572640011022	16195755	0
13576240201102	15018675	0
13576240210210	7493378	0
13627450221001	12508432	0
13642570110112	9387014	0
13642570112110	10536013	0
13642572110110	11082254	0
13645270110220	14009994	0
13647520000000	13640760	0
13675240001212	13560803	0
13675241220202	9204906	0
13725641221021	8598511	0
13754261012212	22097358	0
13762450210210	8816224	0
13764250100200	11239526	0
13764251212120	8846237	0
13765421010100	12318083	0
14263750020010	11426961	0
14267350210210	9384740	0
14275632212011	9078983	0
14325670000000	48276943	0
14325671001010	11535362	0
14325671120212	8370887	0
14325671212111	9334784	0
14325672012121	8330744	0
14325672121222	10362224	0
14325672200020	11962489	0
14327651020102	12820047	0
14327652010102	13694224	0
14352671101000	8571724	0
14356720001212	14960500	0
14356720211122	14645994	0
14367251211121	9430757	0
14367522200002	13949268	0
14523671010202	11411892	0
14523672010201	12293686	0
14527630010200	11080747	0
14527630020100	17229703	0
14527630022200	9568647	0
14527630100020	13933769	0
14527630200010	14089169	0
14527631011102	14699962	0
14527631101000	9084758	0
14527631222221	9834347	0
14527632021211	10620698	0
14527632201022	7651862	0
14536272200200	9310511	0
14537621120212	8334938	0
14563271212111	9227530	0
14567230201102	13817820	0
14567230210012	21215045	0
14573260222000	11499709	0
14625730000000	12365419	0
14625730020010	11807357	0
14625730211122	13820312	0
14625731001010	12897161	0
14625731002210	15068732	0
14625731102212	7466410	0
14625731122000	7845607	0
14625732022000	9072887	0
14632570000000	19999899	0
14632570210021	13448063	0
14652732210220	8068771	0
14673250000000	14531533	0
14723650000102	18943234	0
14723650000201	24016654	0
14723650001020	12522339	0
14723650002010	14768948	0
14723650100101	8003761	0
14723651211010	7875396	0
14723651220121	8698465	0
14723652121111	7392211	0
14723652202000	8209018	0
14723652210202	11089331	0
14725360000000	16306518	0
14725360000012	15516632	0
14725360211221	16946382	0
14725361100010	9299545	0
14725362100102	9511527	0
14725362102010	9014757	0
14725362112102	13900057	0
14725362200002	9678630	0
14726530112011	15604456	0
14726530121011	10250061	0
14726530122202	9840024	0
14726530222201	12825449	0
14726531121202	8970473	0
14726532212011	9654198	0
14735620110001	11910061	0
14735620112002	11690086	0
14735620112221	18471815	0
14735620122001	11767190	0
14735620212001	13833617	0
14735620221001	14121635	0
14735620222000	14023163	0
14735620222111	10316945	0
14736250000021	15974754	0
14736250001221	14921735	0
14736252111112	11374945	0
14736520021111	9285918	0
14736520022020	7941807	0
14736520100101	8636918	0
14736520102222	8645839	0
14736520110202	13972044	0
14736520210120	22373978	0
14736520211122	15411458	0
14736520221010	14422602	0
14736522001111	9086424	0
14736522002020	9003770	0
14752362111010	10695201	0
14752362121111	9131817	0
14752362122020	7899491	0
14752630000000	25507915	0
14752630001200	22019248	0
14752630212112	12180939	0
14752631221021	8100924	0
14752632102112	10778466	0
14752632111112	13869674	0
14752632112012	13834678	0
14752632112120	14605786	0
14753260110001	13724811	0
14753260212001	19084803	0
14753260222000	10722124	0
14762350110220	13853760	0
14762350210120	14355187	0
14762350220110	13228179	0
14763250110112	17720445	0
14763250111201	17727690	0
14763250221220	13913669	0
14763250222012	12914215	0
14763251211010	9004450	0
14763252021121	10640897	0
14763252022021	10312546	0
14763252022111	10180202	0
14763252022120	10506843	0
14763252110110	15517659	0
14763252111001	13922057	0
14763520002100	11114293	0
14763520002112	11055638	0
14763522111220	11227787	0
14765230000102	23801798	0
14765230000201	20906937	0
14765230001020	14822209	0
14765230002010	11495464	0
14765230022020	9710166	0
14765231100100	8073560	0
14765231121211	8201336	0
14765231220202	8786034	0
14765232002020	9192453	0
14765232212221	8257664	0
15236470000000	13523961	0
15236472120010	10970722	0
15243670220110	12689965	0
15246370220221	10046962	0
15246370221220	9685953	0
15246371220220	10083239	0
15267430112002	9983751	0
15273640001212	13793611	0
15324672002200	15408025	0
15342670100200	34260872	0
15346270210210	12623053	0
15367420100002	30945823	0
15367420112002	10825279	0
15367422100012	10905314	0
15426370000000	15359877	0
15426370001122	11987617	0
15463270202002	11107613	0
15624731012101	8972710	0
15624731022202	9287229	0
15624731222221	7549506	0
15627430112002	12877672	0
15627430211002	15995679	0
15627430221001	12910863	0
15634721012221	11841363	0
15634721210122	9470009	0
15637422100012	10327000	0
15642370000000	38427545	0
15642371102200	9801994	0
15642371120221	9359227	0
15642371220211	9897113	0
15642372101200	10562978	0
15642372110212	9776163	0
15642372120112	11016457	0
15643270110220	14942384	0
15643270220110	14222557	0
15643272112000	9362788	0
15647232102121	10068925	0
15672340002121	14020987	0
15672340212001	12183997	0
15672341212201	10535666	0
15672342102121	11230108	0
15672432201022	12532793	0
15724361101021	8472710	0
15724630000000	11752225	0
15724630100200	11637160	0
15724630211122	14279556	0
15724631012122	13073707	0
15724631202112	10364758	0
15724631212120	10934564	0
15724631212222	9609455	0
15724632021211	7386615	0
15734621220112	7873034	0
15746320000000	16964420	0
15746320212100	12568670	0
15746321202001	8036910	0
15762341011102	11207996	0
15763240000000	14356201	0
15763241212021	9102212	0
16243570021021	10949309	0
16243570120120	15275082	0
16243570210210	14571661	0
16245370120120	14885304	0
16254732201112	16402075	0
16257430021000	22167346	0
16257432112012	9601937	0
16273540011022	14801606	0
16273540210210	8828969	0
16275340201102	11798692	0
16275342011110	10023187	0
16327452121222	8572689	0
16342570220110	13644323	0
16345270000000	41038920	0
16345270022020	9418971	0
16345270111000	13670534	0
16345271211121	8057762	0
16345271222101	7634063	0
16345272011212	10296480	0
16345272122212	13326042	0
16347251020201	14615116	0
16347252010201	12801908	0
16357420112002	13349736	0
16374520001212	20920652	0
16374522100012	9203515	0
16423571001010	10520601	0
16427530100200	10978660	0
16427530120210	11342037	0
16427531222122	13907257	0
16453270000000	16889557	0
16453270100002	11619956	0
16453271000020	10282636	0
16475232021202	11106134	0
16523472221212	9124637	0
16523740001101	11915041	0
16524730001101	11331061	0
16524730001122	15870567	0
16524730002022	8985485	0
16527340000000	11056392	0
16527430012222	19489528	0
16527430111021	14910453	0
16527430201111	18736943	0
16527430222102	12503879	0
16527431002222	13269946	0
16527431100211	11415749	0
16527431120011	9721689	0
16527431120221	10616125	0
16527431220211	10850098	0
16527431222002	9443636	0
16527432201022	8694917	0
16532470000111	8663640	0
16534270000000	14413853	0
16534270000021	8092028	0
16534272100000	11226589	0
16534722100012	16661428	0
16537420000111	10575368	0
16537420002211	11733234	0
16537420002220	13587002	0
16537420112002	13293179	0
16537420122001	18006610	0
16537420221001	10733690	0
16542370110220	13410307	0
16542370220110	13364172	0
16542371001220	13574252	0
16543270110112	14383033	0
16543270112110	11492363	0
16543270220221	11681320	0
16543270221220	9878622	0
16543271220220	10087659	0
16543272110110	10893841	0
16543720000000	13647715	0
16543720002100	9124677	0
16547232221212	9639248	0
16547320002220	10554891	0
16572430000000	13830082	0
16572432102112	7914624	0
16573240012012	12470008	0
16573240201201	9104966	0
16574230002022	11056865	0
16723450011022	13087990	0
16723450211200	11450737	0
16725430010200	19964023	0
16725430020100	9889762	0
16725430100011	9856984	0
16725430100020	14399893	0
16725430200010	11617413	0
16725431100010	7439844	0
16725431121112	7848974	0
16725432002200	8848813	0
16725432011101	13064890	0
16725432222121	8712090	0
16735241011102	10867402	0
16742351121202	9266606	0
16743251212111	11735312	0
16745231010202	11698685	0
16745231011111	12233182	0
16745232010102	12732431	0
16745232222202	15654461	0
16753240110001	10347034	0
17246350000000	12367804	0
17265432000202	14314743	0
17324560100212	14677046	0
17324560121221	11689080	0
17326451101000	16452861	0
17356240101202	11165243	0
17356241100220	18796661	0
17362450100200	10276678	0
17362450120210	8758421	0
17362451102200	14433735	0
17364250120120	12156134	0
17423652102121	9852845	0
17425630011001	10586282	0
17425630112002	8479896	0
17425630202002	8858324	0
17425630211002	15085711	0
17425630211221	15775660	0
17425630212001	15129517	0
17425630212112	10551462	0
17425630221001	9871528	0
17426530001122	10138833	0
17426530010101	10596304	0
17426530021201	18192725	0
17426530102012	23374020	0
17426530112110	10114743	0
17426530121122	14269719	0
17426530202020	9553295	0
17426530220221	8670611	0
17426531010100	6786486	0
17426531220220	7602577	0
17435621100022	11352825	0
17435622100012	15191068	0
17436520212121	12183593	0
17452362102121	9356200	0
17452362211021	9872572	0
17452632102121	9519595	0
17453261100022	13592992	0
17462351102200	12023745	0
17463250011001	9462749	0
17463250110220	7937264	0
17463250202002	12182415	0
17463250210120	11666573	0
17463250212001	15669456	0
17463250220110	9591121	0
17526430020010	11327784	0
17526430120210	11196083	0
17526431012122	9864695	0
17543260000000	12996462	0
17543260021000	10517547	0
17642530000000	10786660	0
17642530001122	18144333	0
17642532201100	10525084	0
17643250011001	13768345	0
21345670000000	17137243	0
21345761112211	12731076	0
21345761201212	15821633	0
21345761202112	12811295	0
21345762221122	13673944	0
21346751202211	19569630	0
21347561201212	20588673	0
21354670011001	8538290	0
21354670020202	8735468	0
21354670110001	7628341	0
21354671200012	12146231	0
21354671200021	13243375	0
21354671202100	46787652	0
21354672020002	10791713	0
21354760001122	16027965	0
21354760001200	9313337	0
21354760002100	13182674	0
21354760002211	9130033	0
21354760011100	13262835	0
21354760022200	9665544	0
21354761102200	13561525	0
21354762201100	10974643	0
21357461200000	18172352	0
21357462102220	10647270	0
21357641110021	11195936	0
21364751200000	12975792	0
21364752101101	7243175	0
21365741110201	10604375	0
21365741201212	29332587	0
21367450200220	10499400	0
21367451001001	9129623	0
21374652222010	11381218	0
21375461201122	15224222	0
21375462222100	18383713	0
21376540000012	9968980	0
21376540001200	10276744	0
21376540011100	12943620	0
21376540020022	10141220	0
21457630210012	15598788	0
21473562220201	10512262	0
21536741111020	11159620	0
21654371120212	10036586	0
21654371122210	13008745	0
21654372221011	10222522	0
21654372221110	9672428	0
21734651012020	10585842	0
23147561012020	11837028	0
23147650001212	9845396	0
23147651201212	9527132	0
23156470111021	9344018	0
23156470222021	10791577	0
23156472212221	7865839	0
23157460120222	18688311	0
23157461020012	12029946	0
23164572102022	7663473	0
23164751020201	16038052	0
23164752222202	12439682	0
23165470000000	19674842	0
23165470200022	8197837	0
23165470201021	9977121	0
23165471000011	8913276	0
23165471000221	10311580	0
23165471021221	12749027	0
23165471200000	17663887	0
23165472122110	16288125	0
23165740001212	13616453	0
23165740120201	20929745	0
23165741012020	13860448	0
23165741020210	12728557	0
23165741020222	15851083	0
23165741201212	16190459	0
23165742220201	28456456	0
23167540122211	13392635	0
23167541020111	12853295	0
23174651012020	11885523	0
23175462100111	7082187	0
23176451021110	13125923	0
23176452221122	16388115	0
23416751010100	14830935	0
23417562121012	8617815	0
23456172101221	9044778	0
23456172122011	10011198	0
23456712101221	8907059	0
23475161010001	12495132	0
23517461020222	14264926	0
23576411122210	11544039	0
23576411201212	12611298	0
23657141010001	11808785	0
23671451011222	20631130	0
23674152121210	9776203	0
23751460021012	14040691	0
23751462001210	8355498	0
23756142111220	11227630	0
23756410111201	13736332	0
23756412111001	15486071	0
23756412112201	15919805	0
23756412211201	14864178	0
24153671210122	8016257	0
24157360202101	8421091	0
24157361212000	12965525	0
24167352021121	21487504	0
24173651212120	8959928	0
24315672200200	18332535	0
24315760011211	12720712	0
24315761102212	12226807	0
24351670101100	17450744	0
24351672000022	17378603	0
24351672200200	20416060	0
24351760000012	18669689	0
24351760101121	8835711	0
24367510212001	15316468	0
24367512000010	19941673	0
24376511111011	11371288	0
24516731122000	11884024	0
24531672012010	14285130	0
24536712120121	8294344	0
24537612120211	17163423	0
24561371000020	21042575	0
24563710010101	12428487	0
24563711010121	12649417	0
24563712010111	17911651	0
24571361110102	10827410	0
24571630010101	10077076	0
24615370001221	10384477	0
24615371102200	23184526	0
24615730011202	11339958	0
24615730021222	15886326	0
24615731000212	15621176	0
24615731102200	12955808	0
24615731122210	14091065	0
24615732002212	20327581	0
24615732200011	14721448	0
24617531122210	20045197	0
24637511200021	20561945	0
24651730002112	11554060	0
24651730222222	8341436	0
24715362200221	7913648	0
24715630000000	11231954	0
24715630011010	12257722	0
24715630011022	16011471	0
24715631202112	10163680	0
24715632001000	9566131	0
24715632020020	10414363	0
24716531212120	13035528	0
24731560000000	19808850	0
24731561200120	9388837	0
24736511111221	17101362	0
24751361110120	19257506	0
24751361210002	17031773	0
24761530110112	18481429	0
24763150000000	11429260	0
24765312111001	14834318	0
25134671122210	12043865	0
25134671201212	7831515	0
25134671202100	14355971	0
25137460000000	14747163	0
25137460100212	7987132	0
25163740001212	13412950	0
25314672000202	16112983	0
25314672000220	17330900	0
25314672020200	20875314	0
25341672002200	15660386	0
25341761202112	19027171	0
25364171200120	28411714	0
25364172112120	11368550	0
25367410100011	9039695	0
25413671212000	23392469	0
25413762010111	9305182	0
25436710200202	10380452	0
25436711012011	11708419	0
25436711012221	9401965	0
25436711021011	10227884	0
25436711212120	8106171	0
25436712121210	11419307	0
25436712221011	8910836	0
25463712101221	9410594	0
25471361212021	12416305	0
25471630201102	13977480	0
25631740101010	14533217	0
25634712210121	14304360	0
25641370102021	10188812	0
25714631012020	16871574	0
25714631112220	13570891	0
25714631202100	31091019	0
25714632010222	14249582	0
25716430101112	8393342	0
25716432112102	16155883	0
25731641121100	14867243	0
25734161110000	11212864	0
25734612002212	11022567	0
25736140000012	12835292	0
25736140122121	12017939	0
25736410022002	10949481	0
25736410120210	11284380	0
25736410210201	15380065	0
25736410220002	11827547	0
25736412012001	13965275	0
25741360121002	11880407	0
25741631111212	13191390	0
25741631201212	13230800	0
25743610122121	8842935	0
25763141112022	12854700	0
25763410221211	11897004	0
26135741021110	11091151	0
26135741102212	12136322	0
26135741221201	12275382	0
26153470011010	14328086	0
26153472020020	12444566	0
26153472021010	14036312	0
26154371221102	17930722	0
26175431220022	10946933	0
26317450101100	13936681	0
26345710112002	6516450	0
26371452001000	9806860	0
26415730211212	10374462	0
26415731010112	11541443	0
26415731122210	15949897	0
26435711111011	19824971	0
26435711122210	11754243	0
26435711200021	13731273	0
26435711211211	16534250	0
26435712200011	13265385	0
26435712222022	10711506	0
26437511011201	12191855	0
26453171100022	12956326	0
26453710222222	9184970	0
26513470011010	10665032	0
26517342222202	9871691	0
26534712222202	12615721	0
26543170000000	13619329	0
26543170012000	11114555	0
26547312020212	15260214	0
26573412220201	9290646	0
26714530101022	8826421	0
26714531010022	10922291	0
26715432120211	9294716	0
26741350121002	9358980	0
26743511010121	18219144	0
27134560020022	12448783	0
27154631200021	10195118	0
27314651202100	16231324	0
27365411210101	15173614	0
27415362020002	12580720	0
27415631212120	13890498	0
27415632210211	12137294	0
27416531022121	10064326	0
27416532210121	11357401	0
27435611011111	8442714	0
27453160012000	8998919	0
27453160021000	9396247	0
27456132021112	9520952	0
27516340000000	10803923	0
27534160000000	12213517	0
27534160000012	13129675	0
27534161200000	8393490	0
27534611200021	13642576	0
27536411221201	11848374	0
27543610000012	11745582	0
27543610000021	8931435	0
27546311120011	23322437	0
27613542222022	10814979	0
27614352200221	14686110	0
27615430201222	11667419	0
27615431002210	14807397	0
27615432202102	14395276	0
27634510020022	9203214	0
27634511122210	11515561	0
27643512200122	17847971	0
31246752201100	18320004	0
31247650002121	8763715	0
31247650212121	13354315	0
31256470120111	7395878	0
31257461111110	12364091	0
31257461201200	13016357	0
31257642200011	10863612	0
31264571011102	10954732	0
31264572021202	8339109	0
31264572111112	8918515	0
31264751021011	11345957	0
31264751202010	14117207	0
31265470000000	14451949	0
31265470011001	8285971	0
31265470011022	10334643	0
31265470201102	13270148	0
31265470202002	9086286	0
31265470210000	10997914	0
31265471122210	16391896	0
31265471201122	10735014	0
31265740122220	10346588	0
31267541111122	15357052	0
31267541202022	12000492	0
31275460001122	15749841	0
31275460211122	16249918	0
31275461022100	10331388	0
31275461112100	13454592	0
31275461200102	10464874	0
31275461201101	9813408	0
31275462200011	15645520	0
31276451022211	7914267	0
31276451202202	16538643	0
31452670212100	10986564	0
31452670221121	11248571	0
31452671211220	14245035	0
31456721000110	10056403	0
31462750000000	15310288	0
31462750002211	11161342	0
31475260211122	10159687	0
31475261220202	15123988	0
31475261222110	14524873	0
31524672221011	15500554	0
31527642221011	10267634	0
31564271101000	14342028	0
31564271102200	15059377	0
31564272002200	10730156	0
31572460011022	14189995	0
31624750001122	10929706	0
31624752201100	7620554	0
31627451110222	13544920	0
31654271202211	12477617	0
31754620220011	15466837	0
31765241211010	11593082	0
32145670000000	21876402	0
32145670012222	7962669	0
32145670021111	11989631	0
32145670110001	10294406	0
32145670222222	15603858	0
32145671002222	7698713	0
32145671101111	8059429	0
32145672001111	7285465	0
32145672200002	9936793	0
32146750121212	11882455	0
32146751121112	11245019	0
32147561202112	11250790	0
32147561222122	18779316	0
32147650012222	9399095	0
32147650021111	9951013	0
32147650102222	10924171	0
32147650201111	9398211	0
32147651002222	9023802	0
32147651120221	11959182	0
32147651122102	20059612	0
32147651220211	19257277	0
32147651221102	16114549	0
32147652001111	9153489	0
32156470000000	19138524	0
32156470002100	16215120	0
32156470121221	11077507	0
32156471201221	10672341	0
32156471221021	12699318	0
32156471221210	15976870	0
32156471222221	13092967	0
32156472112012	8530431	0
32156740001212	19879621	0
32156741200012	10809645	0
32156741202112	12200410	0
32156741222020	11658127	0
32157640121212	12058258	0
32157641120212	11894494	0
32164570000000	15594673	0
32164570000120	14106212	0
32164570121212	10854270	0
32164571121112	16154880	0
32164571121202	14941207	0
32164571122210	15297518	0
32164571201212	12910067	0
32164572212101	7938300	0
32165740000000	10758869	0
32165740000021	8236717	0
32165740122112	12180751	0
32165741100001	10021643	0
32165741220001	20343569	0
32165742200020	8277838	0
32167450000000	15976398	0
32167450102222	8710272	0
32167450111111	12623113	0
32167450201111	7729003	0
32167450222000	11111213	0
32167451100010	8967216	0
32167452111202	7537951	0
32167452202222	8179500	0
32167452210121	8560245	0
32174560001212	14767604	0
32174560121002	15435263	0
32174560121122	15806209	0
32174561120101	15884445	0
32174651201221	8904469	0
32174651221021	9728412	0
32175460000000	10402459	0
32175460002001	8634656	0
32175460110001	8930131	0
32175460222000	12323909	0
32175461122000	15567363	0
32175461201212	12566269	0
32416752010111	14225747	0
32417561002210	15229608	0
32417651021020	10701352	0
32417652021010	7444281	0
32451761220010	10474705	0
32456172101221	9149191	0
32456710122022	15437410	0
32465171001010	10185332	0
32465171021020	8759166	0
32465171022010	12880218	0
32465171221210	12284602	0
32465172012010	10314226	0
32465172021010	10970164	0
32465172022000	10693617	0
32465172122110	14254868	0
32475160121212	18510728	0
32475162220111	8898807	0
32476512121120	11880650	0
32517462020200	15267172	0
32546712212101	10417401	0
32547610010002	11611791	0
32547610020001	10486386	0
32547610102000	10378169	0
32547610201000	13364824	0
32547611000200	10830336	0
32547612000100	10215163	0
32561470002022	8938718	0
32561470010200	15106748	0
32561470011100	9343816	0
32561470020100	10957231	0
32561470100020	14508063	0
32561470200010	16482806	0
32561471022202	9027925	0
32561471102011	8451457	0
32561472111112	8120369	0
32561472212101	8536997	0
32567411011111	14281118	0
32567411020201	13883470	0
32567411111101	21297083	0
32567412020101	10281969	0
32567412022222	10474715	0
32576141202112	9793010	0
32615472221011	8034489	0
32647151022010	10539291	0
32647152021010	9056175	0
32647511222122	14173957	0
32657142010102	10607374	0
32657411000101	10950894	0
32671452012202	11456974	0
32674151002222	15635605	0
32714651221021	7440106	0
32716451012101	18204796	0
32741650010200	12781350	0
32741650020100	11597778	0
32741650100020	9565092	0
32741650200010	11634458	0
32741651000002	17575197	0
32741652000001	16719751	0
32745610112221	17931925	0
32745611202211	11684774	0
32745611211220	10339930	0
32751642210121	8252480	0
32754162100012	8763399	0
32756140122010	9759487	0
32761451010202	15308008	0
32761451011111	12863001	0
32761451111101	10850186	0
32761452010201	21443631	0
32761452022222	11174115	0
32765410001110	9651825	0
32765410010002	10283897	0
32765410020001	9651562	0
32765410022002	10078337	0
32765410220002	12378145	0
32765411110201	21055472	0
32765411212111	8129800	0
32765412011101	13539545	0
32765412112201	14133860	0
32765412120112	11723784	0
32765412211201	13040936	0
34125671020102	11016069	0
34125671020201	13401446	0
34125671110111	11136994	0
34125672022222	13904616	0
34127650010002	9685856	0
34127650020001	11758460	0
34127650102000	12328786	0
34127650201000	12994401	0
34127651000200	9358126	0
34127652000100	11035985	0
34162751021101	15314819	0
34165270001101	11578620	0
34165270010200	12052672	0
34165270020100	17046619	0
34165270100020	17399400	0
34165270200010	11899322	0
34165270200022	7225911	0
34165271212222	8800343	0
34165272022201	12019123	0
34165272111211	7307068	0
34165272200020	9856804	0
34167251102212	10529265	0
34172561021221	11720004	0
34172561202220	9895833	0
34175262210121	9355969	0
34216571102011	12071849	0
34261571021020	11948209	0
34261571022010	13747279	0
34261572012010	13467878	0
34265711101021	11963642	0
34275160201102	12918974	0
34275161001211	9925138	0
34275161102110	10956055	0
34516270000000	9785988	0
34516271201221	10777459	0
34516721202112	15263033	0
34517621120212	10712042	0
34521671112121	9298264	0
34526712121201	8543447	0
34527611100211	18605763	0
34527611120011	12206976	0
34527611120221	16157777	0
34527611220211	14315274	0
34527612201022	11407325	0
34561271011012	12405028	0
34561271011210	10315429	0
34561271101102	18962255	0
34561271102011	10933753	0
34561271121100	17486159	0
34561272110122	10043568	0
34561272122020	8798057	0
34561272200122	9939752	0
34561272202210	16814419	0
34561272210022	10790720	0
34561272210112	9146510	0
34561720000000	14011717	0
34562170210000	12173175	0
34562170210120	9566834	0
34562171121202	10001573	0
34567211112121	10057565	0
34617251000101	12657753	0
34617251012101	14184449	0
34617251021101	10151156	0
34617521110222	10003702	0
34621571021020	10944769	0
34625171000101	13029356	0
34627511121202	9979655	0
34651270012000	15281631	0
34651271221021	9872260	0
34675211111011	11839965	0
34715261110012	15518371	0
34716521112100	17470090	0
34721651010202	12679158	0
34721651020102	12848402	0
34721651110111	18384527	0
34721651111101	19921633	0
34721652222202	16133264	0
34725610101100	9021622	0
34725611000002	9561792	0
34725611010211	11683476	0
34725611120101	12114374	0
34725611120221	9804520	0
34725611211121	16487455	0
34725611220211	11740536	0
34725612000001	13206828	0
34725612000022	8950165	0
34725612021112	9583390	0
34725612200002	9301881	0
34761251212111	12027292	0
35126740121101	18895672	0
35126741120122	10555954	0
35127461220220	15784322	0
35162471011120	10190139	0
35162471012122	9341607	0
35162472011110	11224769	0
35162472212020	9535777	0
35162472221011	9983020	0
35162472221020	10933094	0
35162741102212	9065924	0
35167241021101	12337106	0
35172460121212	10064570	0
35174261102020	11369632	0
35174261120002	9812888	0
35246170000000	12539469	0
35246170002211	9885014	0
35246171102200	15978556	0
35267140112122	10523019	0
35267140210021	33403319	0
35271460211122	19439773	0
35416720002001	10170219	0
35416722121102	10309829	0
35417621112022	13261461	0
35426711020021	15990467	0
35426711200201	12242568	0
35426712000202	10583131	0
35426712020002	7973418	0
35426712201100	11009603	0
35461270000120	12892673	0
35461270210120	10800335	0
35461271111212	11518059	0
35462170020202	6612950	0
35462170101010	9413264	0
35462170110112	6479133	0
35462170221220	9637557	0
35462171102200	11043362	0
35462171112220	9962340	0
35462171201020	12344364	0
35462172012100	12856755	0
35462172020200	10380962	0
35462172110110	10890690	0
35462711211211	17867393	0
35472162111202	10251415	0
35472162120211	9227833	0
35476121110000	12160092	0
35614721210122	12440324	0
35617422020221	11851259	0
35624711010121	16012680	0
35624711210101	13304018	0
35624711210221	12694686	0
35624711220121	12594219	0
35714622000211	10929724	0
35721641110102	18684317	0
35762141111002	18059192	0
36125470000222	8505597	0
36125470101001	13592747	0
36125470102000	11855807	0
36125470111000	14146198	0
36125470201000	13951513	0
36125471000200	22133381	0
36125471010112	8608962	0
36125472000100	19591159	0
36125472121111	9246208	0
36125472212122	8932491	0
36125742111220	16162692	0
36127450222111	10254572	0
36145271011111	13821823	0
36145271020102	17424175	0
36145271020201	12594174	0
36145272222202	12713859	0
36147250010200	11827779	0
36147250020100	10137364	0
36147250100020	12034541	0
36147250200010	10062089	0
36147251000002	20371244	0
36147252000001	15980265	0
36152740120201	14218079	0
36152741020210	10399300	0
36172451022022	13436710	0
36217451020222	16660868	0
36217540112200	10852250	0
36217542102001	12203939	0
36241572101221	8702886	0
36241752101200	10337797	0
36415271012101	8478506	0
36417521012200	16049077	0
36514271101000	17159571	0
36521471002210	12199392	0
36521471220010	13431930	0
36527410020022	7941635	0
36527411000002	10282450	0
36527411020111	15594661	0
36527411100211	9613541	0
36527411110201	10436554	0
36527411120011	9598388	0
36527411211121	13821283	0
36527412000001	13402922	0
36527412200200	8844778	0
36541271212111	9727863	0
36542711010211	14994100	0
36547211010202	16858072	0
36547211011111	11636096	0
36547211020201	19503414	0
36547211110111	10695639	0
36547212220222	9849806	0
36712541010001	11976050	0
36712541010010	14248503	0
36712541010100	15551054	0
36712541011000	11640631	0
36714251121112	8027229	0
36714520121002	15033939	0
36714521010211	25436422	0
36714521011102	9872965	0
36714522021112	9103429	0
36714522021211	8526805	0
36721450020220	9982985	0
36721451010211	9802276	0
36721451011012	11290254	0
36721451011102	16673630	0
36721451011210	8642353	0
36721451020000	10111456	0
36721451112121	11125690	0
36721452002002	10850738	0
36721452010000	17546430	0
36725410010101	22279654	0
36725410020202	11557392	0
36725410101010	8203096	0
36725410202020	10405096	0
36725411000101	9648597	0
36725411010001	35351778	0
36725411010100	12633440	0
36725411010121	14333232	0
36725411012101	28931758	0
36725411210101	18435007	0
36725412000202	8805359	0
36725412020002	15599510	0
36725412020200	9742384	0
36741251011012	14464193	0
36741251011210	17453701	0
36741251011222	14506723	0
36741251012212	13278815	0
36741252122020	11599112	0
36745210100110	8035421	0
36745211010112	16025666	0
36745211011201	19706243	0
36745211011222	8214846	0
36745211012212	8764963	0
36745211020000	9433677	0
36745211112121	13214306	0
36745212010000	14704506	0
36745212020020	8974185	0
36745212022000	8218316	0
36745212121102	7654004	0
36751242111211	10494639	0
36752141011021	19518620	0
36752141012110	11528652	0
36752142021121	8903008	0
36752142022111	8504156	0
36752142100021	9903760	0
36754122121111	12614728	0
37246510001122	11918128	0
37256141210122	11215796	0
37415621222110	12617603	0
37426512021202	10218252	0
37452161212201	8668789	0
37516421222200	10586497	0
37561240200001	9706245	0
37612452011122	7482743	0
37612541110000	10906916	0
37614251110012	9016231	0
37614520000000	14748486	0
37614520212121	9417403	0
37614521000110	8773141	0
37614521002210	11455430	0
37614521202211	16640357	0
37614521212201	10939131	0
37614522121102	9493026	0
37615420002211	13007400	0
37615421100022	14207699	0
37615421112022	14129760	0
37615421202010	14883763	0
37615421202220	13118219	0
37615422010021	11283284	0
37624151200102	11067328	0
37624510121122	11761774	0
37624511010211	14511991	0
37624511120101	14916338	0
37624512020212	6832961	0
37624512120202	11178061	0
37641251111212	10570018	0
37642151102200	18093164	0
37642512011110	10827060	0
37645121201110	7819717	0
37651241100022	15372446	0
37651421201200	19694288	0
37652140002121	9839455	0
37652142120211	8376258	0
37654211200111	12871461	0
41236752121210	11434291	0
41237560202020	10675683	0
41263750201111	19481840	0
41325670101100	13805016	0
41325761202112	12527454	0
41325762020122	10477958	0
41352670101001	10403677	0
41352670101010	12894883	0
41352670111000	12839062	0
41357621202001	12600895	0
41367252000022	12460740	0
41532671202100	43458053	0
41532760122022	11767113	0
41563272002200	11077119	0
41576321101111	12301640	0
41625371202100	48219612	0
41625372010102	8628422	0
41625730111120	10091498	0
41635720101010	22721905	0
41657320111201	10348164	0
41673251101111	11863523	0
41673520000000	13631344	0
41723561202100	12575418	0
41725360121002	14591167	0
41725360210102	12435136	0
41725361110102	11433910	0
41725361202100	11768852	0
41725361202112	15845481	0
41725362010111	12959341	0
41725362010120	11935696	0
41725630000000	9886773	0
41725630100011	9264585	0
41725631211220	16221671	0
41725632000022	9565639	0
41725632010012	14590977	0
41725632100000	9486246	0
41726351202211	10180923	0
41726531201122	12599134	0
41735260212202	14832327	0
41735261201122	13271661	0
41735262012112	17651732	0
41735620122121	7376846	0
41735621202211	14521279	0
41736520122121	11649754	0
41736521221120	10153335	0
41752630111012	10336202	0
41752631200012	15954189	0
41752631201212	14356721	0
41752631202100	34845750	0
41756230210102	15434153	0
41756232010120	12749038	0
41762531110222	11206279	0
41762532012220	12527899	0
41765230122121	8999094	0
41765321110201	8623471	0
41765321202100	22704565	0
41765322011101	12307577	0
42136751020201	9990383	0
42137560012222	12448012	0
42137652011020	9530797	0
42137652021010	7994860	0
42157632120211	12959116	0
42163750010101	11315152	0
42165372112012	6652739	0
42167531020222	12475421	0
42315672001000	12852333	0
42351670101100	12233989	0
42351762120022	20465612	0
42367152000010	9871168	0
42367152100012	9817684	0
42516371122000	14484422	0
42561732212011	8367214	0
42573611212120	10767951	0
42573612211120	8688010	0
42613571202100	13702532	0
42615370202221	15582386	0
42615371102200	17840045	0
42615371110102	10997199	0
42615371202100	14886288	0
42651371102200	16850092	0
42651732200011	11610706	0
42673511121022	12756540	0
42751631210122	12070427	0
42751631212120	11337873	0
43126571022202	11861930	0
43167250121101	11505557	0
43176251012020	8104699	0
43176251200021	11081002	0
43216572021010	10841763	0
43216572021112	9214437	0
43216572101200	11753866	0
43216572101221	13308888	0
43512670202221	8570812	0
43527611201212	9952253	0
43561270000000	10660900	0
43571261011111	10692984	0
43572160000000	12403238	0
43572611201212	13071290	0
43576210012111	10438392	0
43576211001121	22643436	0
43615270222201	9080081	0
43615271002210	14769821	0
43617520112110	13849306	0
43621751102212	15615593	0
43651721212021	13768152	0
43675121111011	14641119	0
43675210110220	7412745	0
43721652120202	10067032	0
43751622012202	10808784	0
43765211111011	14520260	0
45167322211120	10005796	0
45176230020202	20230069	0
45176230022002	18725718	0
45176230220002	24093026	0
45176232020002	23163187	0
45176320020022	22000739	0
45213671110012	11067794	0
45273161111011	12114061	0
45276130020022	17698031	0
45312670111201	7707065	0
45312671112220	11308171	0
45312671122210	10423785	0
45312671202100	40049486	0
45312672021202	16686295	0
45312672111001	9834112	0
45312672120202	11323680	0
45312760002100	11740490	0
45312760022200	10262513	0
45312761110000	13217257	0
45312761200000	11334638	0
45321670101100	12062445	0
45321670110010	9454362	0
45321672002200	17202720	0
45327611111212	11003980	0
45362711011111	11456478	0
45367121112022	13810510	0
45367210000021	12901098	0
45367210100011	12914410	0
45367212000022	9712721	0
45376120020022	17555458	0
45376120220200	11007231	0
45376210222012	8219643	0
45376212020212	11905774	0
45376212222211	11091575	0
45612370022110	13402064	0
45612371220010	12930582	0
45612372001120	13109798	0
45612372021010	13039465	0
45612372021112	10275793	0
45612372211000	9525100	0
45612372221011	8919015	0
45612372221110	13245095	0
45613270220110	8155306	0
45613271122000	10681947	0
45621372012220	8588718	0
45621372100000	16021547	0
45621731101012	13975413	0
45621731122222	10344098	0
45623711221012	10920071	0
45623712211210	8326965	0
45637122021010	11012551	0
45637122221011	9519842	0
45671230021120	10023224	0
45671232001021	10240655	0
45673211101021	13743309	0
45673212100111	11781058	0
45713622112021	11539384	0
45721362210202	12807418	0
45721362211120	9951771	0
45732611122210	8031781	0
45736120011100	12734805	0
46123570000000	15361446	0
46123572121012	14146045	0
46125730222012	11015566	0
46127350020202	17957265	0
46127351020222	17188334	0
46127352020212	13614936	0
46135271022202	11728374	0
46153272020020	12122282	0
46157232222121	10581583	0
46157320220122	11296698	0
46215371010112	10472569	0
46215371202100	16499959	0
46257131100022	18350927	0
46257312201100	19755395	0
46273511011201	16121713	0
46273512110101	8938893	0
46275310012111	10642415	0
46275311001121	17869281	0
46275311021101	17037569	0
46275311121022	15328495	0
46275311202100	10633531	0
46275312010111	12029952	0
46275312201100	12554593	0
46321751000020	17281917	0
46352170100122	12267366	0
46352171002120	16464332	0
46372510110220	8311226	0
46375210100221	12475165	0
46375211002000	10229836	0
46375211021020	9759540	0
46375211021110	11206402	0
46375211221111	10976397	0
46375212001000	12995487	0
46375212012010	13494886	0
46375212222010	10347252	0
46512370220110	8005447	0
46512371002210	12126434	0
46513271221000	9506475	0
46513272002110	10182865	0
46523710220221	10842784	0
46527132000010	9358480	0
46572310112011	12308228	0
46572311021011	16792834	0
46721532012202	11360383	0
47123561121022	15995148	0
47123650122121	10796863	0
47126350122121	10484046	0
47126531022022	12446091	0
47132561200000	9090506	0
47132562111220	14572502	0
47132651122210	14718488	0
47135621021221	11757688	0
47136251022001	14104726	0
47152360122121	8646339	0
47152630211020	9986816	0
47156230221202	12548930	0
47156232100021	10655009	0
47156232112201	10782315	0
47156232122002	17701533	0
47156232211201	6493482	0
47156320000000	7789578	0
47156320022200	10733637	0
47156321021200	17794759	0
47156321202121	9758521	0
47156321221021	9214823	0
47156321221201	9313429	0
47156322112012	10140917	0
47162350211011	8174098	0
47163521020111	17696507	0
47165320121002	15554692	0
47165320211020	14389107	0
47165321021101	14104231	0
47165321022001	16977649	0
47165321121022	12744105	0
47165321202100	11630683	0
47216351020222	17032942	0
47251362020002	8929222	0
47251631020201	13462776	0
47256132101200	10638821	0
47256132210121	10142420	0
47265311011111	11389741	0
47265311020201	15179178	0
47265311202100	33003861	0
47321650200022	10697306	0
47352611012020	8730157	0
47352611200021	11367952	0
47352611202100	21805672	0
47512631201212	8667607	0
47621531121220	13036221	0
47621532120010	13031128	0
47632151122210	9550610	0
47632152101200	13417236	0
47632152121210	12549001	0
47632512101221	19504677	0
47652131120212	10570209	0
47653212100120	21026368	0
47653212121000	10890473	0
51264730002211	9301478	0
51264731102200	8557625	0
51267341201122	18360600	0
51324670100011	7229493	0
51324671101000	11562542	0
51324672002200	14172838	0
51324760000012	12276646	0
51324762002221	7782098	0
51342671101000	12061351	0
51342762201112	26629551	0
51367240100002	12994517	0
51423670110220	12522478	0
51426730000000	10063106	0
51426732201100	14666704	0
51472360020202	11322551	0
51472632220201	12824382	0
51623470210000	10115279	0
51623742202210	10484228	0
51624730201012	21124366	0
51624732212002	12051198	0
51632740212121	13166897	0
51642370011202	9360787	0
51642730002211	16653880	0
51647230002121	9452224	0
51723642020200	8604269	0
51724361011111	13029452	0
51724362010102	16874711	0
51726432012202	10830957	0
51732642010102	11660984	0
51742631212120	12538838	0
51742631212222	13134827	0
52134760121002	10696790	0
52147630010200	10007793	0
52147630020100	12447033	0
52147630100020	11135243	0
52147630200010	9434785	0
52147631000002	16658001	0
52147632000001	20147746	0
52163470001011	8204640	0
52163470102000	14500124	0
52163470201000	11528641	0
52163470222012	7906854	0
52163471000200	18297263	0
52163471020111	9278128	0
52163472000100	20832809	0
52163472000220	8983610	0
52163472110212	7977063	0
52163472212221	13698896	0
52167341010121	9789970	0
52167431010202	11203301	0
52167431011111	17468079	0
52167431020102	13375690	0
52167432022222	22778251	0
52167432220222	16063456	0
52174632112012	11716625	0
52314672200200	24789891	0
52314760211011	11228786	0
52341670000000	41174722	0
52341670011100	9764544	0
52341670200202	8477996	0
52341671100001	11689228	0
52341671121202	11110878	0
52341671212111	11279133	0
52341671212201	11809270	0
52341672022000	14329419	0
52341672121102	7227975	0
52341672121222	10418818	0
52341672212101	14009091	0
52361471010202	12771804	0
52361471020201	13808415	0
52367141100010	13014690	0
52367411211121	12009437	0
52374160001212	14082762	0
52376412111112	11108784	0
52463172101221	14207486	0
52463712101221	13799973	0
52471630112002	12253699	0
52471630212001	12688868	0
52614371202100	25233668	0
52641732101200	9314792	0
52641732121210	10611915	0
52673412121012	10157967	0
52713460121212	9689410	0
52714360121002	16916747	0
52714632102112	13492858	0
52714632112012	9521231	0
52731640122001	8907080	0
52731640212001	9286841	0
52736140211122	11681185	0
52741361202100	10751238	0
52741361202112	10716701	0
52741631011222	16656774	0
52741631012212	14591704	0
52741631101102	9684783	0
52741631101120	10556068	0
52741631121100	8607912	0
52741632110122	15835141	0
52741632202201	9398545	0
52741632202210	10147458	0
52741632210112	15152735	0
52741632212200	9016764	0
52743610000102	9972046	0
52743610000201	15350996	0
52743610001020	10818728	0
52743610002010	13397243	0
52743611020000	11120236	0
52743612010000	13466062	0
52761430000102	9820911	0
52761430000201	10919877	0
52761430001020	11682825	0
52761430002010	11404149	0
52761431020000	9693172	0
52761432010000	14583607	0
52763142111220	16266217	0
52763410111201	24418344	0
52763410222012	8761152	0
52763412111001	22482193	0
52763412112201	23513090	0
52763412211201	21426769	0
53126470120120	14703835	0
53126470120210	14383579	0
53126470210210	13247524	0
53146271012122	12556329	0
53147261012020	9292328	0
53162742201112	27440452	0
53274162100111	12428007	0
53421670210000	16289085	0
53421670210120	10575151	0
53426170001122	10784761	0
53462710002211	12769766	0
53467210210000	10336114	0
53476120212001	10372649	0
53476120212211	10146794	0
53614720101010	19011180	0
53621470220110	9842836	0
53642170000000	15067388	0
53672141110102	16105284	0
53714621122000	13056096	0
53721462112201	12600743	0
53724611010001	10709879	0
53726142222010	8514977	0
53741620212001	12462656	0
53741620221001	10384723	0
53742611212222	9004401	0
53761241010100	10625777	0
53761241110102	11926822	0
53761241210101	11044495	0
53762142111220	9397075	0
53762412211012	13739563	0
54123672122212	12884048	0
54126370220110	10608892	0
54127631020102	22668832	0
54127631111101	12838988	0
54127632020101	22556846	0
54127632022222	12584846	0
54127632222202	12913034	0
54163270022110	17834350	0
54163271122000	13713660	0
54167230010002	9900828	0
54167230020001	13715458	0
54167230110100	8325344	0
54167230222102	8696681	0
54167231001001	8645737	0
54167231022202	16106708	0
54167231222002	9979924	0
54167232121222	17698728	0
54167232220102	10478348	0
54172632021202	15004358	0
54217361122102	14038778	0
54217631021101	21887833	0
54231670012000	22036170	0
54231672012010	10829157	0
54261372012010	11946851	0
54261731120122	9421695	0
54276131122201	8852077	0
54312670020220	8339233	0
54312671101000	9225937	0
54312672200200	18710402	0
54317260002001	11233473	0
54317620000111	9836652	0
54321671101102	11009369	0
54321671101120	11634441	0
54321671121100	14154348	0
54321672202201	16237303	0
54321672202210	19719521	0
54321672212200	19552405	0
54321760100110	8590341	0
54321762002002	13300537	0
54326170000120	21668874	0
54326170001122	8670609	0
54326170210120	10379905	0
54326710001101	12139999	0
54327611112121	8792211	0
54361271112121	8662778	0
54362170002022	8418820	0
54362710000120	10260786	0
54362710212001	11643343	0
54367120001101	13780327	0
54367120002100	9474139	0
54367120002220	15425589	0
54367121100010	9805203	0
54367121200000	12747157	0
54367122200002	12462837	0
54367210021111	16662593	0
54367210102222	11661215	0
54367210111021	9988323	0
54367210222102	11145365	0
54367211100211	15227000	0
54367211120011	12822062	0
54367211122102	10597578	0
54367211221102	10981803	0
54367211222002	10374346	0
54367212001111	19542412	0
54367212201022	13168071	0
54371260002220	11159227	0
54371620002001	18418184	0
54371620002211	9169776	0
54376120211122	13864331	0
54376210000021	13209433	0
54376210000111	8397397	0
54376210002022	10200537	0
54612370001200	23105320	0
54612371111020	8287332	0
54612731001112	19265009	0
54612732211102	8730642	0
54621370022200	9314185	0
54621371100010	11013257	0
54637210021000	9669962	0
54671231110102	10155588	0
54712360212202	10080095	0
54712361112211	13553903	0
54716231111002	13043239	0
54716320001212	10524328	0
54716321202112	10698692	0
54721630000000	36517282	0
54721630011010	11543001	0
54721630200022	8740769	0
54721631022121	9078060	0
54721631101111	10065965	0
54721631101120	8658017	0
54721632120211	8245403	0
54721632202210	9600415	0
54721632222220	8101494	0
54723611020201	18767557	0
54723611110111	16120645	0
54723611111101	14930192	0
54723612010201	12928161	0
54723612222202	12326699	0
54761232211210	12440101	0
54763211211121	12094461	0
56123470111201	10505132	0
56123470112110	12547980	0
56123470220221	17799547	0
56123470222012	10181969	0
56123471211010	12340100	0
56123471220220	16040263	0
56123472022021	15839504	0
56123472022120	12128297	0
56123472111001	10464133	0
56123472112201	9134537	0
56123472211201	11152150	0
56124370000120	10034854	0
56124370121212	11900950	0
56127432221212	11035641	0
56132471222221	12154942	0
56132472100000	11318882	0
56132472102100	12151694	0
56143272221212	13101680	0
56147230111021	16277396	0
56147230222102	16137184	0
56147231122102	13689675	0
56147231221102	16620278	0
56147231222002	12587242	0
56147321222122	15203817	0
56173420002001	11390790	0
56174231212222	10508878	0
56174320121002	16494030	0
56213470000000	13511188	0
56213742202222	13017357	0
56243172022000	14078298	0
56243712010222	11536575	0
56247131222122	11589358	0
56271432000202	13498136	0
56271432012202	14507225	0
56271432021202	13928478	0
56274131220022	8980522	0
56274311202100	18749359	0
56321472122212	10015061	0
56321741100001	13979975	0
56324170110220	10487138	0
56327410100221	12241796	0
56327412102001	17170432	0
56341272010102	14848237	0
56341272020101	11683041	0
56347121222122	11694325	0
56347210102000	10830537	0
56347210111021	11311190	0
56347210201000	11387787	0
56347210220020	8017188	0
56347211000110	15082711	0
56347211000200	18053022	0
56347211012122	10808538	0
56347211121112	8017128	0
56347212000100	11623628	0
56347212020221	15447612	0
56423170120120	9584766	0
56423170120210	12013660	0
56423170210210	10837270	0
56423171001010	10661629	0
56423172021010	13016414	0
56423172022000	10677973	0
56432712011011	19472393	0
56712340121002	10540295	0
56712342100012	8750541	0
56721342012220	9526641	0
56721431201122	13826668	0
56723410002202	7070741	0
56723410010002	11595176	0
56723410020001	8828862	0
56723410111201	12595266	0
56723411011201	19727479	0
56723411212111	8524425	0
56723412110101	16257489	0
56723412111001	13310680	0
56723412220000	7280987	0
56732142011002	19167663	0
56741230010200	11030667	0
56741230020100	11299395	0
56741230100020	13001493	0
56741230200010	10548083	0
56741231000002	18554226	0
56741232000001	16567495	0
56743211011111	16043213	0
56743211110111	12823310	0
56743212010102	18028154	0
56743212010201	15421635	0
56743212220222	12292462	0
57123460000000	11573612	0
57164321020201	12266569	0
57214360212121	11794815	0
57214631101102	21229577	0
57236140002121	9449519	0
57236140211122	9708690	0
57236140212121	22820574	0
57241630211002	7366702	0
57241630212001	8537106	0
57246130001122	11420240	0
57264131000212	10567362	0
57321640200001	11869509	0
57321641200021	9010838	0
57364211102200	14293564	0
57364211202100	9515255	0
57364212221011	8967372	0
57642310002211	11226976	0
61234571120212	10902969	0
61234572121102	8936558	0
61235740202020	15400575	0
61257342121012	11181910	0
61274350202020	11379109	0
61274531120212	8564440	0
61352471122210	11487569	0
61352471202100	19383338	0
61452730200202	12209165	0
61453720000000	10150234	0
61453720200001	9668195	0
61453722000010	10245166	0
61472531012221	8260568	0
61472532001000	9102627	0
61527430000000	11147683	0
61534271200021	14338464	0
61534720001200	8956604	0
61534720002100	9094117	0
61543270000000	11169265	0
61543270001200	11872943	0
61572431201212	10454231	0
61734522111220	16863359	0
62134571210212	8751079	0
62135470011010	11953134	0
62135471021020	11026851	0
62135472011020	9224216	0
62135472012010	14279700	0
62135472020020	11454705	0
62135472021010	13797895	0
62135472121120	11974059	0
62135472211210	12518707	0
62135742111220	8874120	0
62135742201112	19651334	0
62147352012010	9243491	0
62147352021010	10935067	0
62154732210010	10827320	0
62157341021101	13231771	0
62173542121021	11913931	0
62174350011022	11977043	0
62174532200101	10983317	0
62317452001000	13847381	0
62317452201100	12583738	0
62351742001012	37501918	0
62371452200200	11917824	0
62374510211200	9961412	0
62374512001210	16417330	0
62374512201001	9829763	0
62435171100022	16161805	0
62435171200021	17362371	0
62435710111111	10624414	0
62453712200011	15003678	0
62471531121022	10899325	0
62475130211212	9259447	0
62531471210122	9966558	0
62543710100002	10647760	0
62543710200001	10326629	0
62571431210122	11185067	0
62735142112102	16205024	0
63125740001212	14005041	0
63125742020122	10723661	0
63125742022201	13722223	0
63142570000000	9220498	0
63142570021210	22889909	0
63142572001012	17082062	0
63172451201212	9508681	0
63172451202100	22941346	0
63174521221021	7637904	0
63247510012021	11408178	0
63251742022120	11738775	0
63452710200202	9293409	0
63452711222110	10158267	0
63471521012020	10965364	0
63471521212021	12564891	0
63471521221021	11500605	0
63472511012221	10599242	0
63512742202222	12797877	0
63541270101100	16274463	0
63542712010222	13187396	0
63574211012020	11226271	0
63574211202100	22994436	0
63712541110000	10934444	0
63714251012020	12133880	0
63714520001212	8848336	0
63714521221021	9201748	0
63721540122211	9561071	0
63724152010102	13718476	0
63725140001212	12489427	0
63725140122010	8978830	0
63725141012020	15292872	0
63725141112022	16605127	0
63725142011002	20175145	0
63725142012202	28161456	0
63741251111212	12509106	0
63741521012020	14289968	0
63742510121110	8721492	0
63745122011101	9420603	0
63751241110210	10284268	0
63751422011200	15409366	0
63752140000000	10131270	0
63752140011100	11277882	0
63752140012102	12262871	0
63752141221021	9329435	0
63752142012112	11423029	0
63752142101212	8469407	0
63752142112012	11913042	0
63752410112101	14767294	0
63752410222102	15244167	0
63752411201212	12711516	0
63752411211001	20732080	0
63752411222002	17953688	0
63754212011011	13486767	0
64125370020202	11970880	0
64157320022101	24190105	0
64231571200021	10490611	0
64257130002112	10102110	0
64271532110101	12162362	0
64275130101112	10942329	0
64275130201012	10233199	0
64275131100022	15279620	0
64275131121022	14325133	0
64275132120001	10928109	0
64275132201100	11086142	0
64275310001221	15054260	0
64275310111111	11863610	0
64275312201100	13016643	0
64321571000020	19109948	0
64321571021020	14180873	0
64321571200021	12855161	0
64325712010111	16932077	0
64351271021020	13299107	0
64357211202100	11857000	0
64357212120211	14749413	0
64357212201100	11139885	0
64531270101100	16844944	0
64531271021020	13118278	0
64531272011020	12340966	0
64531272012010	14218337	0
64531272200200	10699044	0
64531272201100	10070220	0
64572130011112	16082826	0
64713252001000	10640213	0
65123470001200	13855010	0
65123470122121	10545339	0
65123471201200	15794814	0
65132470101001	7865695	0
65132470111000	9589525	0
65132470120210	15338591	0
65132470212010	13554347	0
65132471020120	11698227	0
65132471101120	14473214	0
65132471122210	16432180	0
65132472000220	10095197	0
65132472202201	8212589	0
65132472212200	8617321	0
65132740112212	8851939	0
65132742111220	11724866	0
65134720122121	13198122	0
65147320121002	15552266	0
65172430021222	20117672	0
65174231012020	12180973	0
65174231022202	11705445	0
65174231212201	10681406	0
65174232212101	9596416	0
65174232220102	17347816	0
65174321202100	8751340	0
65174322112012	9350598	0
65213740000000	11719621	0
65241370000000	10896813	0
65243711010211	11642722	0
65271340221220	10167914	0
65271431120122	8794128	0
65274130000000	11707183	0
65274130200202	8266257	0
65274130201102	10867715	0
65274131012221	12761703	0
65274132021112	9466677	0
65274132121210	11434548	0
65274132201112	9546807	0
65314271200021	10988795	0
65314271202100	27387914	0
65321471000011	11472152	0
65417320121002	8218622	0
65417322112012	8683968	0
65417322121012	9961149	0
65423712210211	12865159	0
65432172121210	13730365	0
65471230021102	11251047	0
65714322112012	10583163	0
65723142210202	14947148	0
65732410222012	13462393	0
65742310101202	8498977	0
67132540022200	14676383	0
67145322022201	9172525	0
67154232212221	10789383	0
67215342222022	15101442	0
67231540212001	13386179	0
67231542212011	14950219	0
67234512221011	9967880	0
67245130202212	8128946	0
67245310001200	14211798	0
67245310022122	9484794	0
67254310020022	12060965	0
67254312200002	7462715	0
67312451122210	13659745	0
67312540010110	10855593	0
67312541110000	13033408	0
67321450000012	12199074	0
67321450001200	11179868	0
67321450101100	14019505	0
67321450200022	8736717	0
67321451000011	10341748	0
67321452002200	9112634	0
67321541121022	14905993	0
67341251111212	11059856	0
67342511111002	7053045	0
67345121112022	18600549	0
67345121121022	16464338	0
67345210000012	10994238	0
67345210000021	12959473	0
67345210001122	8241300	0
67345210002211	13039974	0
67345210100011	9109631	0
67345210200022	9348491	0
67345211000011	8435994	0
67345212000022	9265363	0
67354120000000	11897481	0
67354210101010	10318335	0
67354210202002	13237722	0
67354210222000	13632242	0
67354211000110	9713113	0
67354211101111	18008383	0
67354211200021	10722093	0
67354212000202	8573396	0
67354212020200	9084862	0
67354212100021	11699762	0
67354212202222	11303537	0
67412352021010	12920432	0
67412352221110	9022450	0
67412530020022	9486936	0
67435120221001	7041305	0
67435122012010	7107806	0
67452312210121	12533876	0
71234562120211	12347354	0
71263540222111	18460407	0
71263541212012	25291369	0
71264532020212	10750789	0
71264532110212	13363353	0
71264532120112	13487900	0
71264532120202	15053251	0
71326450100200	11855181	0
71326452021010	9955780	0
71326542222202	13947760	0
71345261021020	8228737	0
71362452002200	9504912	0
71365422220201	16557718	0
71423562102121	9479884	0
71423652102121	10277514	0
71426352201100	11466346	0
71426532222112	15296191	0
71432560121212	9175103	0
71432560212121	8737368	0
71432561000110	9630581	0
71432562121102	9445719	0
71432562212002	12699348	0
71432562212011	12980214	0
71432562221002	17029981	0
71435260211122	10528179	0
71435261111011	10128182	0
71435262100012	13945107	0
71435262200011	9992830	0
71435262222022	23325585	0
71435262222112	23001656	0
71435622222220	15477693	0
71436252222001	16387555	0
71452362102121	10087123	0
71452631111020	12610144	0
71453261111110	9844007	0
71453622200011	17530762	0
71456320211212	9259763	0
71456321000110	11223908	0
71462530002211	12142727	0
71462531000101	9137173	0
71462531010001	7439614	0
71462532000112	22273467	0
71462532110002	14201079	0
71463522220111	18721913	0
71523462020200	13396123	0
71523462120202	13824567	0
71523462220201	10589175	0
71532462110221	9307875	0
71534261011111	12973902	0
71542632021211	9624947	0
71543621000020	8629912	0
71543622000010	9949779	0
71546232220102	9616803	0
71546321120101	10953978	0
71562432012121	9547121	0
71563242110110	10604147	0
71625432102022	17638071	0
71643251120101	8736825	0
71643522220102	11862131	0
72134561201101	10517546	0
72136540211122	8843499	0
72143562111220	9840726	0
72143650010002	10885771	0
72143650020001	11590825	0
72143650102000	12601868	0
72143650201000	11107082	0
72143651000200	10962518	0
72143652000100	10353369	0
72145630122112	11977956	0
72145632121120	12589665	0
72145632201112	16860330	0
72146351121112	9103461	0
72163451011111	11743157	0
72163452010102	15040256	0
72163452020101	19309964	0
72163452022222	13637658	0
72163452220222	19464676	0
72164352020002	19373480	0
72165430002220	8341621	0
72165431000002	10648270	0
72165431000011	10734430	0
72165431100001	10274248	0
72165431212201	9436577	0
72165432000001	13540166	0
72165432010222	9452810	0
72165432110122	8909222	0
72165432122212	12085095	0
72165432210112	11469353	0
72165432220102	15757015	0
72345610000000	17040509	0
72345610022002	7481133	0
72345610110112	8166853	0
72345610111111	8025161	0
72345610220221	9605461	0
72345611011000	9018778	0
72345611220220	8126788	0
72345612110110	8826771	0
72345612222220	9523813	0
72356140001212	11721393	0
72356140121002	10277224	0
72356142100012	9738125	0
72361452121222	8259086	0
72361541222122	16217563	0
72365411111101	8735062	0
72365412010201	24622462	0
72365412020101	18276188	0
72365412220222	8738663	0
72435162222202	14615764	0
72513640121212	8178958	0
72513640122211	11807847	0
72516341202112	14302976	0
72531462210121	12354893	0
72534162100012	12623088	0
72541630000102	10911443	0
72541630000201	10959552	0
72541630001020	11257329	0
72541630002010	13564771	0
72541631020000	11471311	0
72541632010000	14217496	0
72543161200000	9620652	0
72543162100000	10802450	0
72543610110112	8977335	0
72543610112110	9321738	0
72543610220221	11075814	0
72543610221220	9629849	0
72543611220220	9235638	0
72543612021121	17272450	0
72543612022111	13297279	0
72543612110110	10322434	0
72543612112201	15335152	0
72543612211201	14914040	0
72546310212001	14117491	0
72546312212101	11630323	0
72561341202112	14068051	0
72561431102011	15200788	0
72561432110122	14276334	0
72561432200122	19331523	0
72561432210022	13741925	0
72561432210112	11655223	0
72563410000102	9559673	0
72563410000201	10670155	0
72563410001020	16496540	0
72563410002010	10064206	0
72563411020000	9709453	0
72563412010000	12374373	0
72643512101200	15200406	0
72643512101221	13388706	0
73125462022021	10495117	0
73146521002120	8577487	0
73246152201100	11242740	0
73456122120211	11635294	0
73516242212002	14002908	0
73516242221020	10299574	0
73541261210101	11097662	0
73542162210022	11728297	0
73542612021010	12910548	0
73542612021211	12788401	0
73564212210211	12134422	0
73614250001212	13605248	0
73615240001212	13117707	0
73615240002211	12564044	0
73615241112022	14509081	0
73615242012202	12559452	0
73615242102202	13113563	0
73615242220201	10118102	0
73615242221200	10348901	0
73615420002211	10817794	0
73615422102100	13053901	0
73615422222220	12542409	0
73624512010021	18494522	0
73624512221020	13340641	0
73625140001212	12915546	0
73625142010102	11526601	0
73625142222202	14990424	0
73625411111212	8702714	0
73642510000000	16639803	0
73642510002121	19531644	0
73642510002211	20029429	0
73642512112111	16806646	0
73645120002100	12291249	0
73645121111200	7994012	0
73645210112002	8892812	0
73645210120000	10416275	0
73645210210000	9080916	0
73645210221001	9822640	0
73645212001120	14395137	0
73645212222001	16947576	0
73651240002211	14024309	0
73652412100201	11628587	0
73652412220210	10609297	0
73654121000011	11442471	0
73654121110000	8868707	0
73654210000021	11766075	0
74123562212110	10095060	0
74123651211010	11129342	0
74123652021121	19765646	0
74123652022021	16231972	0
74123652022111	18663596	0
74123652022120	15897653	0
74125630202200	7475251	0
74125631010010	10183962	0
74125631011000	11247912	0
74125631020000	9483682	0
74125631210221	7694114	0
74125632010000	13028931	0
74125632020122	16082912	0
74125632021121	12621975	0
74125632022111	14071663	0
74125632022201	22867214	0
74125632221212	12752582	0
74126351222011	12143114	0
74132560210120	12852141	0
74132561010010	11651481	0
74132561011000	9562482	0
74132562020110	21005856	0
74132562021001	14122076	0
74136521211010	9523898	0
74152362021121	15381793	0
74152362022021	13749004	0
74152362022111	16277344	0
74152362022120	15377821	0
74156321011012	9841345	0
74156321011210	9808525	0
74156321202112	9673287	0
74156322021220	22123672	0
74156322022012	14362964	0
74163250010011	7769870	0
74163251001100	8054906	0
74163251020000	10034022	0
74163252010000	13086088	0
74163252020221	22683067	0
74163252022021	13043339	0
74163252022102	14055016	0
74163252022120	12870037	0
74163252221212	9048427	0
74165230010101	7673295	0
74165230020202	9141680	0
74165230101010	10161340	0
74165230202020	8862209	0
74165231000101	8166289	0
74165231010001	15024034	0
74165231010100	11358061	0
74165232000202	13333300	0
74165232020002	35967438	0
74165232020200	23790175	0
74165232020212	27190487	0
74165232021202	18884697	0
74165232120202	15841208	0
74213651212021	10444493	0
74251632000202	13631880	0
74256310210111	15125771	0
74256312000121	24077340	0
74265311222122	7406162	0
74312651222221	11046990	0
74321562200020	10003625	0
74321652122212	13432916	0
74325162020212	13964832	0
74325611110111	10076826	0
74325612010201	17319076	0
74325612020101	15128295	0
74325612022222	10853096	0
74361252001021	16980833	0
74361252100120	10895075	0
74365210010110	10363684	0
74365210102000	10510463	0
74365210201000	10814939	0
74365210202002	8315466	0
74365210222000	9628105	0
74365211000200	9993051	0
74365211111212	6704049	0
74365211222221	13221278	0
74365212000100	17033265	0
74365212010222	12114476	0
74512360211122	12258470	0
74512361202112	12589955	0
74513262010111	15543479	0
74521631111101	12911772	0
74521632010102	17116716	0
74521632010201	14469536	0
74521632022222	13444283	0
74521632222202	14605420	0
74523610010002	9685759	0
74523610020001	12588781	0
74523610102000	12325926	0
74523610201000	10412752	0
74523611000200	9104202	0
74523612000100	12370408	0
74532162012112	15775504	0
74561230000111	9126135	0
74561231000002	9548820	0
74561231110000	7837386	0
74561232000001	18731646	0
74561232020122	15671518	0
74561232122212	12058927	0
74561232200122	7351769	0
74561232210022	8041791	0
74561232210202	21733255	0
74563210121221	11577528	0
74653212022111	14513235	0
75132462122122	19674712	0
75143262120202	13568839	0
75146320212220	9742647	0
75213641112022	11160133	0
75231462100012	18412505	0
75234160211122	10739571	0
75234161110000	9893944	0
75236142102121	12461827	0
75241631111212	8097865	0
75243161100211	17800072	0
75243610002121	13427864	0
75243612102121	13400207	0
75246130222201	9244044	0
75246310000000	27156729	0
75246312101200	14405481	0
75246312201100	14506330	0
75246312221221	12453109	0
75261431012122	11587937	0
75264131010121	9598876	0
75264131112220	10899181	0
75264131210101	8002816	0
75264132010222	17881011	0
75264132220102	10774739	0
75264310112011	9586025	0
75264312120001	19835848	0
75312462222022	10214327	0
75314620022110	10838720	0
75314620202101	23928283	0
75314622002011	12406186	0
75316240120120	9306768	0
75321460200001	12590293	0
75321462021010	12098557	0
75346121022022	8053719	0
75346210022011	14706731	0
75346210100200	13263139	0
75346210200100	10680881	0
75346211212222	8417562	0
75346212001021	12206205	0
75346212021010	12258743	0
75346212021211	11130368	0
75346212221011	12847624	0
75412630112221	8799182	0
75416322121102	9883053	0
75431262022102	15282208	0
75462131012101	13069947	0
75613242020221	11164083	0
75613242022102	18998891	0
75634122212011	9433956	0
75641322121000	10889844	0
75642131102200	9398677	0
76123452122212	12755517	0
76125342222022	13177781	0
76143251020201	13705076	0
76143251110111	10563027	0
76143252020101	10550467	0
76143252220222	14649806	0
76143252222202	22671990	0
76145230010002	10485810	0
76145230011001	15833697	0
76145230020001	12706020	0
76145230110001	14770293	0
76145230200220	7554110	0
76145231012221	7936662	0
76145231122102	13053820	0
76145231220202	10239235	0
76145231221102	11702545	0
76145232022102	9893822	0
76145232121222	15126564	0
76154322222001	15834290	0
76213542102022	12170769	0
76213542200221	9979887	0
76215340120120	7063038	0
76215432222022	12978232	0
76231450012000	18393026	0
76245310010020	15970805	0
76245310020010	15614831	0
76245310102201	11284568	0
76245311021020	8945879	0
76245312011011	14578336	0
76245312012010	8287094	0
76253140012021	16610408	0
76253140100221	9398421	0
76253412211201	16815936	0
76254132200212	17358386	0
76254312100000	19257391	0
76312451101000	17757743	0
76312452100000	9814991	0
76312452200200	10422558	0
76312541210101	7743176	0
76312541211010	8304502	0
76312542211111	17183122	0
76315240001002	12548347	0
76315240002001	11631826	0
76315240112002	9468383	0
76315240211011	8522223	0
76315240212202	10009855	0
76315240221001	7939411	0
76315242100120	11938445	0
76315242212212	17036159	0
76321451011012	10853187	0
76321451011210	10110699	0
76321451011222	8860904	0
76321451012212	11152430	0
76321451101120	12819715	0
76321451102011	12666294	0
76321452122020	11123360	0
76321452200122	17880040	0
76321452202201	18587313	0
76321452210022	11630464	0
76321452212200	18052467	0
76321541100001	12539548	0
76321542100000	11552759	0
76321542200020	12436800	0
76324150001122	12015799	0
76324150001212	10869390	0
76324152212011	9195313	0
76325410000102	10903962	0
76325410000201	23043701	0
76325410001020	14161316	0
76325410002010	12690312	0
76325410011010	10633539	0
76325410220200	9442943	0
76325411001010	10392806	0
76325411120101	12919823	0
76325411222122	9226873	0
76325412111112	11648919	0
76341250000102	15368919	0
76341250000201	13332369	0
76341250001020	13475700	0
76341250002010	17876845	0
76341250110010	8963898	0
76341250200202	9679545	0
76341251121202	9943810	0
76341251212222	8950313	0
76341252110101	10991826	0
76341252122020	9283845	0
76342510000120	19978830	0
76342510000210	21939546	0
76342510212001	11023361	0
76342511121112	8416362	0
76342512102001	16268960	0
76342512211000	16777450	0
76342512212011	16649338	0
76342512212101	16507799	0
76345121100001	13800333	0
76345121100010	13054811	0
76345121102200	9803398	0
76345121200000	9852449	0
76345122100000	9361365	0
76345122200002	11477024	0
76345122200020	11764929	0
76345122201100	8824630	0
76351420001212	11737028	0
76351420002211	9427672	0
76351422210121	12638017	0
76354120010101	10360121	0
76354120011010	8451207	0
76354120200202	8740239	0
76354120202020	9124672	0
76354121000101	9128997	0
76354121001010	8222405	0
76354121101111	11280699	0
76354122100012	12669590	0
76354122100021	12221949	0
76354122202222	16119045	0
76354211102212	9763964	0
76354211201122	10065517	0
76354211202211	10541726	0
76354211222221	9303601	0
76354212111112	10416760	0
76354212201112	12204034	0
76421350020010	12107227	0
76512342102202	16234148	0
76512342221200	14423340	0
76514320001212	15724245	0
76514320121002	10519976	0
76521432121222	9734272	0
76523412112120	13410715	0
76524312220111	16014002	0
76541231020102	17061470	0
76541231110111	12527577	0
76541232010102	14575480	0
76541232220222	10368090	0
76541232222202	12298395	0
76543210000000	32761889	0
76543210101001	10570057	0
76543210112110	8662327	0
76543210221220	8587683	0
76543210222222	8556864	0
76543211021212	8137689	0
76543211111110	9079948	0
76543211212102	8538862	0
76543212002020	8726660	0
